week,sector,n,rank,rank_8w_ago,rank_gain_8w,rs,rs_mom13,breadth,breadth_d8w,pct_52w_high,univ_breadth,status
2025-01-10,Information Technology,149,1.0,,,1.08,7.78,31.54,,,21.67,LEADER
2025-01-10,Communication Services,43,2.0,,,1.07,6.75,27.91,,,21.67,LEADER
2025-01-10,Consumer Discretionary,114,3.0,,,1.03,2.75,33.33,,,21.67,LEADER
2025-01-10,Energy,35,4.0,,,1.01,1.27,60.0,,,21.67,
2025-01-10,Utilities,41,5.0,,,1.01,1.14,21.95,,,21.67,
2025-01-10,Financials,149,6.0,,,1.01,0.78,9.4,,,21.67,
2025-01-10,Industrials,182,7.0,,,0.98,-1.56,12.09,,,21.67,
2025-01-10,Health Care,102,8.0,,,0.97,-2.76,35.29,,,21.67,
2025-01-10,Consumer Staples,54,9.0,,,0.95,-5.4,16.67,,,21.67,
2025-01-10,Real Estate,59,10.0,,,0.91,-8.66,0.0,,,21.67,
2025-01-10,Materials,55,11.0,,,0.89,-11.08,9.09,,,21.67,
2025-01-17,Information Technology,149,1.0,,,1.08,9.18,55.03,,,44.66,LEADER
2025-01-17,Energy,35,2.0,,,1.03,8.66,85.71,,,44.66,LEADER
2025-01-17,Communication Services,43,3.0,,,1.05,4.03,41.86,,,44.66,LEADER
2025-01-17,Financials,149,4.0,,,1.03,1.3,54.36,,,44.66,
2025-01-17,Consumer Discretionary,114,5.0,,,1.01,1.13,40.35,,,44.66,
2025-01-17,Industrials,182,6.0,,,0.99,-0.48,41.76,,,44.66,
2025-01-17,Utilities,41,7.0,,,1.01,-1.86,53.66,,,44.66,
2025-01-17,Health Care,102,8.0,,,0.95,-4.69,47.06,,,44.66,
2025-01-17,Consumer Staples,54,9.0,,,0.92,-7.36,22.22,,,44.66,
2025-01-17,Real Estate,59,10.0,,,0.92,-9.46,15.25,,,44.66,
2025-01-17,Materials,55,11.0,,,0.9,-9.91,27.27,,,44.66,
2025-01-24,Information Technology,149,1.0,,,1.09,8.65,68.46,,,56.05,LEADER
2025-01-24,Communication Services,43,2.0,,,1.07,4.6,60.47,,,56.05,LEADER
2025-01-24,Energy,35,3.0,,,0.98,1.64,68.57,,,56.05,LEADER
2025-01-24,Financials,149,4.0,,,1.03,1.6,61.07,,,56.05,
2025-01-24,Consumer Discretionary,114,5.0,,,1.0,0.86,51.75,,,56.05,
2025-01-24,Industrials,182,6.0,,,1.0,0.02,55.49,,,56.05,
2025-01-24,Health Care,102,7.0,,,0.97,-1.45,69.61,,,56.05,
2025-01-24,Utilities,41,8.0,,,1.0,-3.15,41.46,,,56.05,
2025-01-24,Consumer Staples,54,9.0,,,0.91,-9.04,29.63,,,56.05,
2025-01-24,Real Estate,59,10.0,,,0.91,-9.73,33.9,,,56.05,
2025-01-24,Materials,55,11.0,,,0.89,-9.93,43.64,,,56.05,
2025-01-31,Information Technology,149,1.0,,,1.07,7.32,54.36,,,53.81,LEADER
2025-01-31,Financials,149,2.0,,,1.04,3.25,71.14,,,53.81,LEADER
2025-01-31,Communication Services,43,3.0,,,1.08,3.24,62.79,,,53.81,LEADER
2025-01-31,Consumer Discretionary,114,4.0,,,1.02,2.94,54.39,,,53.81,
2025-01-31,Energy,35,5.0,,,0.94,-0.47,25.71,,,53.81,
2025-01-31,Utilities,41,6.0,,,1.0,-1.69,51.22,,,53.81,
2025-01-31,Industrials,182,7.0,,,0.98,-2.23,43.41,,,53.81,
2025-01-31,Health Care,102,8.0,,,0.98,-2.75,75.49,,,53.81,
2025-01-31,Consumer Staples,55,9.0,,,0.92,-6.82,40.74,,,53.81,
2025-01-31,Real Estate,59,10.0,,,0.92,-6.97,37.29,,,53.81,
2025-01-31,Materials,55,11.0,,,0.89,-9.62,41.82,,,53.81,
2025-02-07,Communication Services,43,1.0,,,1.11,8.8,58.14,,,52.9,LEADER
2025-02-07,Information Technology,149,2.0,,,1.08,5.01,57.72,,,52.9,LEADER
2025-02-07,Financials,149,3.0,,,1.04,2.52,68.46,,,52.9,LEADER
2025-02-07,Utilities,41,4.0,,,1.02,2.41,68.29,,,52.9,
2025-02-07,Consumer Discretionary,115,5.0,,,1.01,2.35,49.12,,,52.9,
2025-02-07,Energy,35,6.0,,,0.95,-2.09,34.29,,,52.9,
2025-02-07,Health Care,102,7.0,,,0.97,-2.32,57.84,,,52.9,
2025-02-07,Real Estate,59,8.0,,,0.93,-3.69,55.93,,,52.9,
2025-02-07,Industrials,182,9.0,,,0.97,-4.5,40.11,,,52.9,
2025-02-07,Consumer Staples,55,10.0,,,0.91,-4.56,37.04,,,52.9,
2025-02-07,Materials,55,11.0,,,0.9,-5.81,47.27,,,52.9,
2025-02-14,Communication Services,43,1.0,,,1.14,9.2,69.77,16.28,,55.75,LEADER
2025-02-14,Information Technology,151,2.0,,,1.08,7.94,59.73,7.03,,55.75,LEADER
2025-02-14,Consumer Discretionary,115,3.0,,,1.03,3.07,56.14,3.51,,55.75,LEADER
2025-02-14,Utilities,41,4.0,,,1.03,1.1,78.05,60.98,,55.75,
2025-02-14,Health Care,102,5.0,,,0.95,0.46,50.98,27.45,,55.75,
2025-02-14,Financials,149,6.0,,,1.03,-1.68,59.06,27.52,,55.75,
2025-02-14,Energy,35,7.0,,,0.97,-3.06,57.14,34.29,,55.75,
2025-02-14,Materials,55,8.0,,,0.91,-3.97,63.64,60.0,,55.75,
2025-02-14,Consumer Staples,55,9.0,,,0.92,-4.37,40.74,9.26,,55.75,
2025-02-14,Real Estate,59,10.0,,,0.92,-4.46,54.24,44.07,,55.75,
2025-02-14,Industrials,183,11.0,,,0.96,-5.22,46.15,29.58,,55.75,
2025-02-21,Communication Services,43,1.0,,,1.13,8.16,65.12,13.95,,48.63,LEADER
2025-02-21,Utilities,41,2.0,,,1.06,4.41,82.93,60.98,,48.63,LEADER
2025-02-21,Health Care,102,3.0,,,0.98,4.08,51.96,20.59,,48.63,LEADER
2025-02-21,Information Technology,151,4.0,,,1.07,3.08,45.64,-6.39,,48.63,
2025-02-21,Consumer Discretionary,115,5.0,,,1.01,1.67,42.98,-7.02,,48.63,
2025-02-21,Consumer Staples,55,6.0,,,0.96,1.08,62.96,40.74,,48.63,
2025-02-21,Financials,149,7.0,,,1.03,-1.09,46.98,10.74,,48.63,
2025-02-21,Real Estate,59,8.0,,,0.94,-1.59,55.93,45.76,,48.63,
2025-02-21,Energy,35,9.0,,,0.98,-3.14,62.86,40.0,,48.63,
2025-02-21,Materials,55,10.0,,,0.9,-4.33,43.64,40.0,,48.63,
2025-02-21,Industrials,183,11.0,,,0.95,-6.03,34.62,18.59,,48.63,
2025-02-28,Communication Services,43,1.0,,,1.13,8.46,69.77,18.6,,49.03,LEADER
2025-02-28,Utilities,41,2.0,,,1.07,4.48,75.61,46.34,,49.03,LEADER
2025-02-28,Health Care,102,3.0,,,0.97,2.33,49.02,17.65,,49.03,LEADER
2025-02-28,Real Estate,59,4.0,,,0.98,1.72,79.66,66.1,,49.03,
2025-02-28,Financials,149,5.0,,,1.05,1.26,59.06,26.17,,49.03,
2025-02-28,Consumer Discretionary,115,6.0,,,1.01,0.89,43.86,2.63,,49.03,
2025-02-28,Consumer Staples,55,7.0,,,0.96,0.65,62.96,44.44,,49.03,
2025-02-28,Energy,35,8.0,,,0.97,-0.67,40.0,-8.57,,49.03,
2025-02-28,Information Technology,151,9.0,,,1.02,-0.74,29.53,-23.85,,49.03,
2025-02-28,Materials,55,10.0,,,0.9,-3.6,50.91,45.45,,49.03,
2025-02-28,Industrials,183,11.0,,,0.95,-5.26,36.26,18.03,,49.03,
2025-03-07,Utilities,41,1.0,5.0,4.0,1.06,7.49,70.73,48.78,,38.05,LEADER
2025-03-07,Health Care,102,2.0,8.0,6.0,1.0,6.06,47.06,11.76,,38.05,LEADER
2025-03-07,Real Estate,59,3.0,10.0,7.0,0.99,5.78,71.19,71.19,,38.05,LEADER
2025-03-07,Communication Services,43,4.0,2.0,-2.0,1.14,5.51,48.84,20.93,,38.05,
2025-03-07,Consumer Staples,55,5.0,9.0,4.0,0.99,4.63,66.67,50.0,,38.05,
2025-03-07,Energy,35,6.0,4.0,-2.0,0.94,1.01,20.0,-40.0,,38.05,
2025-03-07,Materials,55,7.0,11.0,4.0,0.92,0.49,38.18,29.09,,38.05,
2025-03-07,Financials,149,8.0,6.0,-2.0,1.03,0.37,35.57,26.17,,38.05,
2025-03-07,Consumer Discretionary,115,9.0,3.0,-6.0,1.0,-2.04,23.68,-9.65,,38.05,
2025-03-07,Industrials,183,10.0,7.0,-3.0,0.96,-3.85,34.07,21.98,,38.05,
2025-03-07,Information Technology,151,11.0,1.0,-10.0,1.01,-6.44,18.79,-12.75,,38.05,
2025-03-14,Utilities,41,1.0,7.0,6.0,1.12,13.37,78.05,24.39,,28.48,LEADER
2025-03-14,Health Care,102,2.0,8.0,6.0,1.0,6.2,38.24,-8.82,,28.48,LEADER
2025-03-14,Energy,35,3.0,2.0,-1.0,0.99,5.45,28.57,-57.14,,28.48,LEADER
2025-03-14,Real Estate,59,4.0,10.0,6.0,0.99,4.64,55.93,40.68,,28.48,
2025-03-14,Communication Services,43,5.0,3.0,-2.0,1.11,3.14,27.91,-13.95,,28.48,
2025-03-14,Materials,55,6.0,11.0,5.0,0.93,2.48,27.27,0.0,,28.48,
2025-03-14,Financials,149,7.0,4.0,-3.0,1.03,1.13,32.89,-21.48,,28.48,
2025-03-14,Consumer Staples,55,8.0,9.0,1.0,0.98,0.71,50.0,27.78,,28.48,
2025-03-14,Industrials,183,9.0,6.0,-3.0,0.96,-3.33,18.68,-23.08,,28.48,
2025-03-14,Consumer Discretionary,115,10.0,5.0,-5.0,0.97,-5.65,11.4,-28.95,,28.48,
2025-03-14,Information Technology,151,11.0,1.0,-10.0,1.01,-5.91,10.74,-44.3,,28.48,
2025-03-21,Utilities,41,1.0,8.0,7.0,1.11,10.73,78.05,36.59,,29.4,LEADER
2025-03-21,Energy,35,2.0,3.0,1.0,1.02,10.32,45.71,-22.86,,29.4,LEADER
2025-03-21,Health Care,102,3.0,7.0,4.0,1.0,4.98,40.2,-29.41,,29.4,LEADER
2025-03-21,Real Estate,59,4.0,10.0,6.0,0.98,4.82,45.76,11.86,,29.4,
2025-03-21,Materials,55,5.0,11.0,6.0,0.92,4.23,23.64,-20.0,,29.4,
2025-03-21,Communication Services,43,6.0,2.0,-4.0,1.12,2.93,44.19,-16.28,,29.4,
2025-03-21,Financials,149,7.0,4.0,-3.0,1.04,1.88,32.89,-28.19,,29.4,
2025-03-21,Consumer Staples,55,8.0,9.0,1.0,0.97,0.37,46.3,16.67,,29.4,
2025-03-21,Industrials,183,9.0,6.0,-3.0,0.95,-3.13,17.58,-37.91,,29.4,
2025-03-21,Consumer Discretionary,115,10.0,5.0,-5.0,0.97,-6.1,14.91,-36.84,,29.4,
2025-03-21,Information Technology,151,11.0,1.0,-10.0,1.01,-6.6,12.08,-56.38,,29.4,
2025-03-28,Utilities,41,1.0,6.0,5.0,1.12,11.14,80.49,29.27,,28.28,LEADER
2025-03-28,Energy,35,2.0,5.0,3.0,1.03,10.58,51.43,25.71,,28.28,LEADER
2025-03-28,Real Estate,59,3.0,10.0,7.0,1.0,6.91,54.24,16.95,,28.28,LEADER
2025-03-28,Consumer Staples,55,4.0,9.0,5.0,1.01,4.6,68.52,27.78,,28.28,
2025-03-28,Materials,55,5.0,11.0,6.0,0.92,4.48,20.0,-21.82,,28.28,
2025-03-28,Health Care,102,6.0,8.0,2.0,0.99,4.16,30.39,-45.1,,28.28,
2025-03-28,Communication Services,43,7.0,3.0,-4.0,1.12,3.36,30.23,-32.56,,28.28,
2025-03-28,Financials,149,8.0,2.0,-6.0,1.05,2.17,32.21,-38.93,,28.28,
2025-03-28,Industrials,183,9.0,7.0,-2.0,0.95,-2.85,15.93,-27.47,,28.28,
2025-03-28,Consumer Discretionary,115,10.0,4.0,-6.0,0.97,-5.68,14.04,-40.35,,28.28,
2025-03-28,Information Technology,152,11.0,1.0,-10.0,0.98,-9.51,6.71,-47.65,,28.28,LEADER ESSOUFFLÉ
2025-04-04,Utilities,41,1.0,4.0,3.0,1.17,15.13,41.46,-26.83,,9.16,LEADER
2025-04-04,Consumer Staples,55,2.0,10.0,8.0,1.08,13.24,40.74,3.7,,9.16,LEADER
2025-04-04,Real Estate,59,3.0,8.0,5.0,1.03,9.35,10.17,-45.76,,9.16,LEADER
2025-04-04,Health Care,102,4.0,7.0,3.0,1.01,6.45,13.73,-44.12,,9.16,
2025-04-04,Materials,55,5.0,11.0,6.0,0.92,4.8,7.27,-40.0,,9.16,
2025-04-04,Communication Services,43,6.0,1.0,-5.0,1.11,2.25,6.98,-51.16,,9.16,LEADER ESSOUFFLÉ
2025-04-04,Financials,149,7.0,3.0,-4.0,1.03,0.92,6.04,-62.42,,9.16,
2025-04-04,Consumer Discretionary,115,8.0,5.0,-3.0,1.0,-2.4,6.14,-42.98,,9.16,
2025-04-04,Industrials,183,9.0,9.0,0.0,0.95,-2.55,3.85,-36.26,,9.16,
2025-04-04,Energy,35,10.0,6.0,-4.0,0.95,-3.21,0.0,-34.29,,9.16,
2025-04-04,Information Technology,152,11.0,2.0,-9.0,0.93,-13.91,0.67,-57.05,,9.16,LEADER ESSOUFFLÉ
2025-04-11,Utilities,41,1.0,4.0,3.0,1.16,15.05,53.66,-24.39,,15.96,LEADER
2025-04-11,Consumer Staples,55,2.0,9.0,7.0,1.06,12.2,54.55,13.8,,15.96,LEADER
2025-04-11,Real Estate,59,3.0,10.0,7.0,0.98,7.76,13.56,-40.68,,15.96,LEADER
2025-04-11,Communication Services,43,4.0,1.0,-3.0,1.11,4.0,9.3,-60.47,,15.96,LEADER ESSOUFFLÉ
2025-04-11,Materials,55,5.0,8.0,3.0,0.92,3.38,10.91,-52.73,,15.96,
2025-04-11,Financials,149,6.0,6.0,0.0,1.03,1.92,13.42,-45.64,,15.96,
2025-04-11,Health Care,102,7.0,5.0,-2.0,0.99,1.74,19.61,-31.37,,15.96,
2025-04-11,Industrials,183,8.0,11.0,3.0,0.98,-0.79,16.48,-29.67,,15.96,
2025-04-11,Consumer Discretionary,115,9.0,3.0,-6.0,0.98,-4.45,10.53,-45.61,,15.96,
2025-04-11,Energy,35,10.0,7.0,-3.0,0.93,-8.06,0.0,-57.14,,15.96,
2025-04-11,Information Technology,152,11.0,2.0,-9.0,0.96,-10.77,3.36,-56.38,,15.96,LEADER ESSOUFFLÉ
2025-04-18,Utilities,41,1.0,2.0,1.0,1.18,16.92,68.29,-14.63,,20.71,LEADER
2025-04-18,Consumer Staples,55,2.0,6.0,4.0,1.07,15.84,60.0,-2.96,,20.71,LEADER
2025-04-18,Real Estate,59,3.0,8.0,5.0,1.01,10.27,27.12,-28.81,,20.71,LEADER
2025-04-18,Communication Services,43,4.0,1.0,-3.0,1.11,5.63,16.28,-48.84,,20.71,LEADER ESSOUFFLÉ
2025-04-18,Health Care,102,5.0,3.0,-2.0,0.98,3.7,20.59,-31.37,,20.71,
2025-04-18,Materials,55,6.0,10.0,4.0,0.92,2.24,18.18,-25.45,,20.71,
2025-04-18,Financials,149,7.0,7.0,0.0,1.03,0.51,16.11,-30.87,,20.71,
2025-04-18,Industrials,183,8.0,11.0,3.0,0.97,-2.46,19.23,-15.38,,20.71,
2025-04-18,Consumer Discretionary,115,9.0,5.0,-4.0,0.97,-3.63,13.91,-29.07,,20.71,
2025-04-18,Energy,35,10.0,9.0,-1.0,0.97,-6.1,20.0,-42.86,,20.71,
2025-04-18,Information Technology,152,11.0,4.0,-7.0,0.95,-12.08,4.7,-40.94,,20.71,LEADER ESSOUFFLÉ
2025-04-25,Utilities,41,1.0,2.0,1.0,1.14,14.06,73.17,-2.44,,33.1,LEADER
2025-04-25,Consumer Staples,55,2.0,7.0,5.0,1.02,12.21,54.55,-8.42,,33.1,LEADER
2025-04-25,Real Estate,59,3.0,4.0,1.0,0.98,6.93,23.73,-55.93,,33.1,LEADER
2025-04-25,Communication Services,43,4.0,1.0,-3.0,1.12,5.14,32.56,-37.21,,33.1,LEADER ESSOUFFLÉ
2025-04-25,Materials,55,5.0,10.0,5.0,0.92,2.5,36.36,-14.55,,33.1,
2025-04-25,Health Care,102,6.0,3.0,-3.0,0.98,1.15,30.39,-18.63,,33.1,
2025-04-25,Financials,149,7.0,5.0,-2.0,1.03,0.34,21.48,-37.58,,33.1,
2025-04-25,Industrials,183,8.0,11.0,3.0,0.97,-2.79,41.53,5.27,,33.1,
2025-04-25,Consumer Discretionary,115,9.0,6.0,-3.0,0.97,-3.0,28.7,-15.16,,33.1,
2025-04-25,Energy,35,10.0,8.0,-2.0,0.94,-4.41,20.0,-20.0,,33.1,
2025-04-25,Information Technology,152,11.0,9.0,-2.0,1.0,-8.29,26.49,-3.04,,33.1,
2025-05-02,Utilities,41,1.0,1.0,0.0,1.13,13.31,82.93,12.2,,58.4,LEADER
2025-05-02,Consumer Staples,55,2.0,5.0,3.0,1.0,8.09,52.73,-13.94,,58.4,LEADER
2025-05-02,Real Estate,59,3.0,3.0,0.0,0.97,5.57,50.85,-20.34,,58.4,LEADER
2025-05-02,Communication Services,43,4.0,4.0,0.0,1.11,2.12,53.49,4.65,,58.4,LEADER ESSOUFFLÉ
2025-05-02,Materials,55,5.0,7.0,2.0,0.9,1.17,52.73,14.55,,58.4,
2025-05-02,Industrials,183,6.0,10.0,4.0,0.98,-0.01,66.67,32.6,,58.4,
2025-05-02,Health Care,102,7.0,2.0,-5.0,0.97,-0.48,46.08,-0.98,,58.4,
2025-05-02,Financials,149,8.0,8.0,0.0,1.03,-0.75,63.76,28.19,,58.4,
2025-05-02,Energy,35,9.0,6.0,-3.0,0.92,-2.47,31.43,11.43,,58.4,
2025-05-02,Consumer Discretionary,115,10.0,9.0,-1.0,0.98,-3.96,55.65,31.97,,58.4,
2025-05-02,Information Technology,152,11.0,11.0,0.0,1.01,-6.03,61.59,42.8,,58.4,
2025-05-09,Utilities,41,1.0,1.0,0.0,1.13,10.92,73.17,-4.88,,64.37,LEADER
2025-05-09,Consumer Staples,55,2.0,8.0,6.0,0.98,8.26,49.09,-0.91,,64.37,LEADER
2025-05-09,Real Estate,59,3.0,4.0,1.0,0.96,2.64,52.54,-3.39,,64.37,LEADER
2025-05-09,Industrials,183,4.0,9.0,5.0,0.99,1.53,75.96,57.27,,64.37,À SURVEILLER
2025-05-09,Communication Services,43,5.0,5.0,0.0,1.12,0.48,58.14,30.23,,64.37,
2025-05-09,Materials,55,6.0,6.0,0.0,0.9,0.31,49.09,21.82,,64.37,
2025-05-09,Financials,149,7.0,7.0,0.0,1.04,-0.38,75.17,42.28,,64.37,
2025-05-09,Health Care,102,8.0,2.0,-6.0,0.95,-2.05,46.08,7.84,,64.37,
2025-05-09,Energy,35,9.0,3.0,-6.0,0.93,-2.27,37.14,8.57,,64.37,
2025-05-09,Consumer Discretionary,115,10.0,10.0,0.0,0.98,-2.76,61.74,50.34,,64.37,
2025-05-09,Information Technology,152,11.0,11.0,0.0,1.01,-5.79,75.5,64.76,,64.37,
2025-05-16,Utilities,41,1.0,1.0,0.0,1.11,7.89,65.85,-12.2,,83.3,LEADER
2025-05-16,Consumer Staples,55,2.0,8.0,6.0,0.96,4.45,61.82,15.52,,83.3,LEADER
2025-05-16,Industrials,183,3.0,9.0,6.0,1.0,3.76,95.63,78.05,,83.3,À SURVEILLER
2025-05-16,Real Estate,59,4.0,4.0,0.0,0.93,0.45,74.58,28.81,,83.3,
2025-05-16,Financials,150,5.0,7.0,2.0,1.03,-0.11,90.6,57.72,,83.3,
2025-05-16,Communication Services,43,6.0,6.0,0.0,1.11,-1.8,81.4,37.21,,83.3,
2025-05-16,Materials,55,7.0,5.0,-2.0,0.89,-2.16,78.18,54.55,,83.3,
2025-05-16,Consumer Discretionary,115,8.0,10.0,2.0,1.0,-2.55,92.17,77.26,,83.3,
2025-05-16,Health Care,102,9.0,3.0,-6.0,0.93,-2.91,58.82,18.63,,83.3,
2025-05-16,Information Technology,152,10.0,11.0,1.0,1.05,-3.44,93.38,81.3,,83.3,
2025-05-16,Energy,35,11.0,2.0,-9.0,0.92,-4.67,65.71,20.0,,83.3,
2025-05-23,Utilities,41,1.0,1.0,0.0,1.14,7.27,56.1,-24.39,,66.09,LEADER
2025-05-23,Industrials,183,2.0,9.0,7.0,0.99,4.71,80.33,64.39,,66.09,ROTATION ENTRANTE
2025-05-23,Consumer Staples,55,3.0,4.0,1.0,0.97,1.59,56.36,-12.15,,66.09,LEADER
2025-05-23,Financials,150,4.0,8.0,4.0,1.03,0.04,69.13,36.91,,66.09,
2025-05-23,Communication Services,43,5.0,7.0,2.0,1.12,-0.33,67.44,37.21,,66.09,
2025-05-23,Materials,55,6.0,5.0,-1.0,0.89,-0.7,60.0,40.0,,66.09,
2025-05-23,Consumer Discretionary,115,7.0,10.0,3.0,0.99,-1.58,68.7,54.66,,66.09,
2025-05-23,Information Technology,152,8.0,11.0,3.0,1.04,-2.23,84.11,77.39,,66.09,
2025-05-23,Real Estate,59,9.0,3.0,-6.0,0.92,-2.39,28.81,-25.42,,66.09,
2025-05-23,Health Care,102,10.0,6.0,-4.0,0.93,-4.89,48.04,17.65,,66.09,
2025-05-23,Energy,35,11.0,2.0,-9.0,0.92,-6.49,42.86,-8.57,,66.09,
2025-05-30,Utilities,41,1.0,1.0,0.0,1.14,6.73,63.41,21.95,,72.47,LEADER
2025-05-30,Industrials,183,2.0,9.0,7.0,1.0,4.38,85.25,81.4,,72.47,ROTATION ENTRANTE
2025-05-30,Consumer Staples,55,3.0,2.0,-1.0,0.98,2.64,54.55,13.8,,72.47,LEADER
2025-05-30,Information Technology,152,4.0,11.0,7.0,1.04,1.2,80.13,79.46,,72.47,
2025-05-30,Communication Services,43,5.0,6.0,1.0,1.12,-1.3,79.07,72.09,,72.47,
2025-05-30,Materials,55,6.0,5.0,-1.0,0.89,-1.63,65.45,58.18,,72.47,
2025-05-30,Consumer Discretionary,115,7.0,8.0,1.0,0.99,-1.64,70.43,64.29,,72.47,
2025-05-30,Financials,150,8.0,7.0,-1.0,1.03,-1.81,81.21,75.17,,72.47,
2025-05-30,Health Care,102,9.0,4.0,-5.0,0.93,-3.98,54.9,41.18,,72.47,
2025-05-30,Real Estate,59,10.0,3.0,-7.0,0.93,-4.9,67.8,57.63,,72.47,
2025-05-30,Energy,35,11.0,10.0,-1.0,0.9,-7.62,42.86,42.86,,72.47,
2025-06-06,Information Technology,154,1.0,11.0,10.0,1.06,5.2,89.4,86.05,,78.44,À SURVEILLER
2025-06-06,Industrials,183,2.0,8.0,6.0,1.0,4.33,91.26,74.77,,78.44,ROTATION ENTRANTE
2025-06-06,Utilities,41,3.0,1.0,-2.0,1.1,3.72,36.59,-17.07,,78.44,LEADER
2025-06-06,Financials,150,4.0,6.0,2.0,1.02,-0.65,87.92,74.5,,78.44,
2025-06-06,Communication Services,43,5.0,4.0,-1.0,1.12,-1.22,83.72,74.42,,78.44,
2025-06-06,Consumer Discretionary,115,6.0,9.0,3.0,0.98,-1.25,77.39,66.86,,78.44,
2025-06-06,Materials,55,7.0,5.0,-2.0,0.9,-1.79,81.82,70.91,,78.44,
2025-06-06,Energy,35,8.0,10.0,2.0,0.91,-3.32,80.0,80.0,,78.44,
2025-06-06,Consumer Staples,55,9.0,2.0,-7.0,0.95,-4.09,41.82,-12.73,,78.44,
2025-06-06,Health Care,102,10.0,7.0,-3.0,0.93,-6.53,66.67,47.06,,78.44,
2025-06-06,Real Estate,59,11.0,3.0,-8.0,0.92,-7.77,64.41,50.85,,78.44,
2025-06-13,Information Technology,154,1.0,11.0,10.0,1.05,4.01,79.61,74.91,,72.8,À SURVEILLER
2025-06-13,Industrials,183,2.0,8.0,6.0,0.99,3.9,82.51,63.28,,72.8,ROTATION ENTRANTE
2025-06-13,Communication Services,43,3.0,4.0,1.0,1.12,1.37,79.07,62.79,,72.8,LEADER
2025-06-13,Utilities,41,4.0,1.0,-3.0,1.12,0.87,46.34,-21.95,,72.8,
2025-06-13,Consumer Discretionary,115,5.0,9.0,4.0,0.97,0.02,65.22,51.3,,72.8,
2025-06-13,Consumer Staples,56,6.0,2.0,-4.0,0.96,-1.81,45.45,-14.55,,72.8,
2025-06-13,Energy,35,7.0,10.0,3.0,0.98,-1.9,97.14,77.14,,72.8,
2025-06-13,Materials,55,8.0,6.0,-2.0,0.91,-2.11,70.91,52.73,,72.8,
2025-06-13,Financials,151,9.0,7.0,-2.0,1.01,-2.55,76.51,60.4,,72.8,
2025-06-13,Health Care,102,10.0,5.0,-5.0,0.94,-5.25,65.69,45.1,,72.8,
2025-06-13,Real Estate,59,11.0,3.0,-8.0,0.93,-6.27,69.49,42.37,,72.8,
2025-06-20,Information Technology,154,1.0,11.0,10.0,1.07,5.23,75.0,48.51,,68.86,ROTATION ENTRANTE
2025-06-20,Industrials,183,2.0,8.0,6.0,0.99,3.88,71.58,30.05,,68.86,ROTATION ENTRANTE
2025-06-20,Communication Services,43,3.0,4.0,1.0,1.16,3.6,88.37,55.81,,68.86,LEADER
2025-06-20,Consumer Discretionary,115,4.0,9.0,5.0,0.97,0.3,66.96,38.26,,68.86,
2025-06-20,Utilities,41,5.0,1.0,-4.0,1.11,-0.28,36.59,-36.59,,68.86,
2025-06-20,Consumer Staples,56,6.0,2.0,-4.0,0.96,-1.34,49.09,-5.45,,68.86,
2025-06-20,Financials,151,7.0,7.0,0.0,1.01,-2.87,73.15,51.68,,68.86,
2025-06-20,Materials,55,8.0,5.0,-3.0,0.9,-2.9,56.36,20.0,,68.86,
2025-06-20,Energy,35,9.0,10.0,1.0,0.97,-4.43,94.29,74.29,,68.86,
2025-06-20,Real Estate,59,10.0,3.0,-7.0,0.92,-6.08,76.27,52.54,,68.86,
2025-06-20,Health Care,103,11.0,6.0,-5.0,0.93,-6.28,59.8,29.41,,68.86,
2025-06-27,Information Technology,155,1.0,11.0,10.0,1.08,10.16,82.24,20.65,,74.32,ROTATION ENTRANTE
2025-06-27,Industrials,183,2.0,6.0,4.0,1.0,5.41,82.51,15.85,,74.32,ROTATION ENTRANTE
2025-06-27,Communication Services,43,3.0,4.0,1.0,1.17,4.6,88.37,34.88,,74.32,LEADER
2025-06-27,Consumer Discretionary,115,4.0,10.0,6.0,0.98,0.6,74.78,19.13,,74.32,
2025-06-27,Materials,55,5.0,5.0,0.0,0.9,-2.48,72.73,20.0,,74.32,
2025-06-27,Utilities,41,6.0,1.0,-5.0,1.09,-2.62,43.9,-39.02,,74.32,LEADER ESSOUFFLÉ
2025-06-27,Financials,151,7.0,8.0,1.0,1.02,-2.74,78.52,14.77,,74.32,
2025-06-27,Health Care,103,8.0,7.0,-1.0,0.92,-6.71,68.63,22.55,,74.32,
2025-06-27,Consumer Staples,56,9.0,2.0,-7.0,0.93,-7.76,47.27,-5.45,,74.32,
2025-06-27,Real Estate,59,10.0,3.0,-7.0,0.89,-10.59,57.63,6.78,,74.32,
2025-06-27,Energy,35,11.0,9.0,-2.0,0.91,-11.68,85.71,54.29,,74.32,
2025-07-04,Information Technology,155,1.0,11.0,10.0,1.09,16.38,86.18,10.69,,81.29,ROTATION ENTRANTE
2025-07-04,Industrials,183,2.0,4.0,2.0,1.0,5.07,88.52,12.57,,81.29,ROTATION ENTRANTE
2025-07-04,Communication Services,43,3.0,5.0,2.0,1.16,4.53,100.0,41.86,,81.29,LEADER
2025-07-04,Materials,55,4.0,6.0,2.0,0.92,0.16,94.55,45.45,,81.29,
2025-07-04,Consumer Discretionary,115,5.0,10.0,5.0,0.99,-0.49,82.61,20.87,,81.29,
2025-07-04,Financials,151,6.0,7.0,1.0,1.02,-0.99,81.21,6.04,,81.29,
2025-07-04,Energy,35,7.0,9.0,2.0,0.9,-4.72,77.14,40.0,,81.29,
2025-07-04,Utilities,41,8.0,1.0,-7.0,1.07,-9.01,53.66,-19.51,,81.29,LEADER ESSOUFFLÉ
2025-07-04,Health Care,103,9.0,8.0,-1.0,0.91,-10.22,75.49,29.41,,81.29,
2025-07-04,Real Estate,59,10.0,3.0,-7.0,0.89,-13.69,69.49,16.95,,81.29,
2025-07-04,Consumer Staples,56,11.0,2.0,-9.0,0.93,-14.16,60.0,10.91,,81.29,
2025-07-11,Information Technology,155,1.0,10.0,9.0,1.06,10.66,69.08,-24.3,,72.8,LEADER
2025-07-11,Industrials,183,2.0,3.0,1.0,1.01,3.49,84.7,-10.93,,72.8,LEADER
2025-07-11,Communication Services,43,3.0,6.0,3.0,1.15,3.3,86.05,4.65,,72.8,LEADER
2025-07-11,Consumer Discretionary,115,4.0,8.0,4.0,1.0,1.9,73.91,-18.26,,72.8,
2025-07-11,Materials,55,5.0,7.0,2.0,0.93,1.19,94.55,16.36,,72.8,
2025-07-11,Energy,35,6.0,11.0,5.0,0.92,-0.92,68.57,2.86,,72.8,
2025-07-11,Financials,151,7.0,5.0,-2.0,1.02,-1.18,66.44,-24.16,,72.8,
2025-07-11,Utilities,41,8.0,1.0,-7.0,1.08,-7.44,68.29,2.44,,72.8,LEADER ESSOUFFLÉ
2025-07-11,Health Care,103,9.0,9.0,0.0,0.91,-7.93,67.65,8.82,,72.8,
2025-07-11,Real Estate,59,10.0,4.0,-6.0,0.89,-9.35,69.49,-5.08,,72.8,
2025-07-11,Consumer Staples,56,11.0,2.0,-9.0,0.92,-13.17,45.45,-16.36,,72.8,
2025-07-18,Information Technology,155,1.0,8.0,7.0,1.09,14.93,74.34,-9.76,,70.48,LEADER
2025-07-18,Industrials,183,2.0,2.0,0.0,1.01,4.64,78.69,-1.64,,70.48,LEADER
2025-07-18,Communication Services,43,3.0,5.0,2.0,1.16,4.63,76.74,9.3,,70.48,LEADER
2025-07-18,Consumer Discretionary,115,4.0,7.0,3.0,0.99,2.12,70.43,1.74,,70.48,
2025-07-18,Financials,151,5.0,4.0,-1.0,1.03,-0.96,69.13,0.0,,70.48,
2025-07-18,Materials,56,6.0,6.0,0.0,0.91,-1.42,81.82,21.82,,70.48,
2025-07-18,Utilities,41,7.0,1.0,-6.0,1.11,-6.54,85.37,29.27,,70.48,
2025-07-18,Energy,35,8.0,11.0,3.0,0.89,-7.69,68.57,25.71,,70.48,
2025-07-18,Health Care,103,9.0,10.0,1.0,0.88,-10.18,54.9,6.86,,70.48,
2025-07-18,Real Estate,59,10.0,9.0,-1.0,0.88,-12.74,62.71,33.9,,70.48,
2025-07-18,Consumer Staples,56,11.0,3.0,-8.0,0.92,-14.3,47.27,-9.09,,70.48,
2025-07-25,Information Technology,155,1.0,4.0,3.0,1.07,7.62,72.37,-7.76,8.78,74.72,LEADER
2025-07-25,Industrials,183,2.0,2.0,0.0,1.02,5.79,83.61,-1.64,21.55,74.72,LEADER
2025-07-25,Consumer Discretionary,115,3.0,7.0,4.0,1.0,2.43,78.26,7.83,7.02,74.72,LEADER
2025-07-25,Communication Services,44,4.0,5.0,1.0,1.14,1.91,81.4,2.33,4.65,74.72,
2025-07-25,Materials,56,5.0,6.0,1.0,0.92,-0.19,80.0,14.55,1.82,74.72,
2025-07-25,Financials,151,6.0,8.0,2.0,1.02,-1.25,71.14,-10.07,12.75,74.72,
2025-07-25,Utilities,41,7.0,1.0,-6.0,1.1,-3.63,90.24,26.83,9.76,74.72,
2025-07-25,Energy,35,8.0,11.0,3.0,0.88,-6.31,62.86,20.0,0.0,74.72,
2025-07-25,Health Care,103,9.0,9.0,0.0,0.9,-8.11,66.67,11.76,6.86,74.72,
2025-07-25,Real Estate,59,10.0,10.0,0.0,0.88,-9.56,69.49,1.69,5.08,74.72,
2025-07-25,Consumer Staples,56,11.0,3.0,-8.0,0.92,-10.14,60.0,5.45,5.56,74.72,
2025-08-01,Information Technology,156,1.0,1.0,0.0,1.07,6.39,45.39,-44.01,20.95,51.01,LEADER
2025-08-01,Industrials,183,2.0,2.0,0.0,1.02,4.66,62.84,-28.42,23.2,51.01,LEADER
2025-08-01,Communication Services,44,3.0,5.0,2.0,1.15,3.82,60.47,-23.26,13.95,51.01,LEADER
2025-08-01,Utilities,41,4.0,3.0,-1.0,1.16,2.0,95.12,58.54,39.02,51.01,
2025-08-01,Consumer Discretionary,115,5.0,6.0,1.0,0.99,1.41,56.52,-20.87,12.28,51.01,
2025-08-01,Financials,151,6.0,4.0,-2.0,1.01,-2.16,45.33,-42.59,11.41,51.01,
2025-08-01,Energy,35,7.0,8.0,1.0,0.9,-2.29,45.71,-34.29,0.0,51.01,
2025-08-01,Materials,56,8.0,7.0,-1.0,0.88,-2.65,27.27,-54.55,1.82,51.01,
2025-08-01,Consumer Staples,56,9.0,9.0,0.0,0.93,-6.68,49.09,7.27,11.11,51.01,
2025-08-01,Health Care,103,10.0,10.0,0.0,0.9,-7.94,44.12,-22.55,6.86,51.01,
2025-08-01,Real Estate,59,11.0,11.0,0.0,0.89,-8.37,33.9,-30.51,8.47,51.01,
2025-08-08,Information Technology,156,1.0,1.0,0.0,1.07,5.68,50.66,-28.95,16.89,55.86,LEADER
2025-08-08,Industrials,183,2.0,2.0,0.0,1.02,3.29,64.48,-18.03,16.57,55.86,LEADER
2025-08-08,Communication Services,44,3.0,3.0,0.0,1.13,1.43,48.84,-30.23,9.3,55.86,LEADER
2025-08-08,Utilities,41,4.0,4.0,0.0,1.14,1.26,87.8,41.46,56.1,55.86,
2025-08-08,Consumer Discretionary,115,5.0,5.0,0.0,0.99,0.76,57.39,-7.83,9.65,55.86,
2025-08-08,Materials,56,6.0,8.0,2.0,0.9,0.29,54.55,-16.36,10.91,55.86,
2025-08-08,Financials,151,7.0,9.0,2.0,1.01,-2.49,55.33,-21.18,8.72,55.86,
2025-08-08,Health Care,103,8.0,10.0,2.0,0.91,-3.95,52.94,-12.75,11.76,55.86,
2025-08-08,Consumer Staples,56,9.0,6.0,-3.0,0.94,-4.96,61.82,16.36,20.37,55.86,
2025-08-08,Energy,35,10.0,7.0,-3.0,0.88,-5.52,34.29,-62.86,0.0,55.86,
2025-08-08,Real Estate,59,11.0,11.0,0.0,0.88,-8.14,37.29,-32.2,10.17,55.86,
2025-08-15,Communication Services,44,1.0,3.0,2.0,1.16,4.26,72.09,-16.28,27.91,60.08,LEADER
2025-08-15,Materials,56,2.0,8.0,6.0,0.91,2.4,56.36,0.0,16.36,60.08,LEADER
2025-08-15,Industrials,183,3.0,2.0,-1.0,1.02,2.0,63.39,-8.2,17.03,60.08,LEADER
2025-08-15,Information Technology,156,4.0,1.0,-3.0,1.06,1.72,49.35,-25.65,18.12,60.08,
2025-08-15,Health Care,103,5.0,11.0,6.0,0.93,0.89,71.57,11.76,13.73,60.08,
2025-08-15,Utilities,41,6.0,5.0,-1.0,1.11,0.62,85.37,48.78,17.07,60.08,
2025-08-15,Consumer Discretionary,115,7.0,4.0,-3.0,1.0,-0.0,67.83,0.87,15.79,60.08,
2025-08-15,Financials,152,8.0,7.0,-1.0,1.01,-2.1,62.0,-11.15,16.11,60.08,
2025-08-15,Consumer Staples,56,9.0,6.0,-3.0,0.91,-4.64,54.55,5.45,12.96,60.08,
2025-08-15,Real Estate,59,10.0,10.0,0.0,0.87,-5.88,37.29,-38.98,6.78,60.08,
2025-08-15,Energy,35,11.0,9.0,-2.0,0.87,-6.11,31.43,-62.86,0.0,60.08,
2025-08-22,Industrials,183,1.0,2.0,1.0,1.02,2.52,73.77,-8.74,9.89,71.9,LEADER
2025-08-22,Communication Services,44,2.0,3.0,1.0,1.15,2.33,72.09,-16.28,20.93,71.9,LEADER
2025-08-22,Materials,56,3.0,5.0,2.0,0.91,1.71,70.91,-1.82,10.91,71.9,LEADER
2025-08-22,Information Technology,156,4.0,1.0,-3.0,1.06,1.59,60.39,-21.85,7.38,71.9,
2025-08-22,Consumer Discretionary,115,5.0,4.0,-1.0,1.01,1.22,76.52,1.74,15.79,71.9,
2025-08-22,Health Care,103,6.0,8.0,2.0,0.93,0.06,76.47,7.84,17.65,71.9,
2025-08-22,Financials,152,7.0,7.0,0.0,1.01,-1.36,80.13,1.61,16.78,71.9,
2025-08-22,Utilities,41,8.0,6.0,-2.0,1.1,-3.65,82.93,39.02,9.76,71.9,
2025-08-22,Real Estate,59,9.0,10.0,1.0,0.88,-4.1,69.49,11.86,8.47,71.9,
2025-08-22,Energy,35,10.0,11.0,1.0,0.87,-4.72,62.86,-22.86,2.86,71.9,
2025-08-22,Consumer Staples,56,11.0,9.0,-2.0,0.91,-6.42,58.18,10.91,7.41,71.9,
2025-08-29,Communication Services,44,1.0,3.0,2.0,1.16,4.38,62.79,-37.21,18.6,65.63,LEADER
2025-08-29,Information Technology,156,2.0,1.0,-1.0,1.08,3.89,60.39,-25.79,12.75,65.63,LEADER
2025-08-29,Materials,56,3.0,4.0,1.0,0.91,2.94,61.82,-32.73,10.91,65.63,LEADER
2025-08-29,Industrials,183,4.0,2.0,-2.0,1.01,1.32,62.84,-25.68,15.38,65.63,
2025-08-29,Consumer Discretionary,115,5.0,5.0,0.0,1.0,0.81,69.57,-13.04,19.3,65.63,
2025-08-29,Energy,35,6.0,7.0,1.0,0.9,-0.2,74.29,-2.86,5.71,65.63,
2025-08-29,Health Care,103,7.0,9.0,2.0,0.92,-1.0,70.87,-4.62,14.71,65.63,
2025-08-29,Financials,152,8.0,6.0,-2.0,1.01,-1.75,72.19,-9.02,21.48,65.63,
2025-08-29,Utilities,41,9.0,8.0,-1.0,1.08,-4.57,65.85,12.2,0.0,65.63,
2025-08-29,Real Estate,59,10.0,10.0,0.0,0.88,-4.91,74.58,5.08,10.17,65.63,
2025-08-29,Consumer Staples,56,11.0,11.0,0.0,0.9,-8.83,44.64,-15.36,5.56,65.63,
2025-09-05,Communication Services,44,1.0,3.0,2.0,1.17,4.15,67.44,-18.6,18.6,62.65,LEADER
2025-09-05,Information Technology,156,2.0,1.0,-1.0,1.09,2.64,58.71,-10.37,12.75,62.65,LEADER
2025-09-05,Consumer Discretionary,115,3.0,4.0,1.0,1.01,2.43,67.83,-6.09,15.79,62.65,LEADER
2025-09-05,Materials,56,4.0,5.0,1.0,0.91,1.12,56.36,-38.18,10.91,62.65,
2025-09-05,Industrials,183,5.0,2.0,-3.0,1.01,0.69,60.66,-24.04,8.79,62.65,
2025-09-05,Health Care,103,6.0,9.0,3.0,0.94,0.6,71.84,4.2,19.61,62.65,
2025-09-05,Financials,152,7.0,7.0,0.0,1.0,-2.44,62.91,-3.53,17.45,62.65,
2025-09-05,Utilities,41,8.0,8.0,0.0,1.07,-2.76,51.22,-17.07,0.0,62.65,
2025-09-05,Real Estate,59,9.0,10.0,1.0,0.89,-3.51,76.27,6.78,8.47,62.65,
2025-09-05,Energy,35,10.0,6.0,-4.0,0.88,-3.82,54.29,-14.29,11.43,62.65,
2025-09-05,Consumer Staples,56,11.0,11.0,0.0,0.89,-6.58,53.57,8.12,5.56,62.65,
2025-09-12,Information Technology,156,1.0,1.0,0.0,1.11,5.24,61.94,-12.41,22.82,62.65,LEADER
2025-09-12,Communication Services,44,2.0,3.0,1.0,1.17,4.28,65.12,-11.63,32.56,62.65,LEADER
2025-09-12,Consumer Discretionary,115,3.0,4.0,1.0,0.99,2.45,61.74,-8.7,12.28,62.65,LEADER
2025-09-12,Industrials,183,4.0,2.0,-2.0,1.01,1.11,59.02,-19.67,17.03,62.65,
2025-09-12,Materials,56,5.0,6.0,1.0,0.91,0.27,60.0,-21.82,18.18,62.65,
2025-09-12,Financials,153,6.0,5.0,-1.0,1.0,-0.44,69.54,0.41,15.44,62.65,
2025-09-12,Health Care,103,7.0,9.0,2.0,0.92,-2.26,65.05,10.15,19.61,62.65,
2025-09-12,Utilities,41,8.0,7.0,-1.0,1.09,-3.19,60.98,-24.39,4.88,62.65,
2025-09-12,Real Estate,59,9.0,10.0,1.0,0.88,-4.64,77.97,15.25,20.34,62.65,
2025-09-12,Consumer Staples,56,10.0,11.0,1.0,0.88,-8.56,39.29,-7.99,5.56,62.65,
2025-09-12,Energy,35,11.0,8.0,-3.0,0.88,-9.73,65.71,-2.86,11.43,62.65,
2025-09-19,Information Technology,156,1.0,1.0,0.0,1.15,7.89,72.26,-0.11,21.48,60.14,LEADER
2025-09-19,Industrials,183,2.0,2.0,0.0,1.0,1.76,56.83,-26.78,15.38,60.14,LEADER
2025-09-19,Communication Services,44,3.0,4.0,1.0,1.18,1.6,76.74,-4.65,20.93,60.14,LEADER
2025-09-19,Consumer Discretionary,115,4.0,3.0,-1.0,0.98,0.83,58.26,-20.0,11.4,60.14,
2025-09-19,Materials,56,5.0,5.0,0.0,0.9,0.37,50.91,-29.09,9.09,60.14,
2025-09-19,Financials,153,6.0,6.0,0.0,1.0,-0.97,64.9,-6.24,18.79,60.14,
2025-09-19,Health Care,103,7.0,9.0,2.0,0.92,-1.63,66.02,-0.65,8.82,60.14,
2025-09-19,Utilities,41,8.0,7.0,-1.0,1.09,-1.87,46.34,-43.9,9.76,60.14,
2025-09-19,Real Estate,59,9.0,10.0,1.0,0.87,-6.05,59.32,-10.17,8.47,60.14,
2025-09-19,Energy,35,10.0,8.0,-2.0,0.87,-10.44,54.29,-8.57,8.57,60.14,
2025-09-19,Consumer Staples,56,11.0,11.0,0.0,0.85,-11.01,28.57,-31.43,11.11,60.14,
2025-09-26,Information Technology,156,1.0,1.0,0.0,1.14,5.62,65.81,20.41,18.12,57.17,LEADER
2025-09-26,Utilities,41,2.0,4.0,2.0,1.12,2.55,80.49,-14.63,31.71,57.17,LEADER
2025-09-26,Energy,35,3.0,7.0,4.0,0.92,1.21,91.43,45.71,22.86,57.17,À SURVEILLER
2025-09-26,Communication Services,44,4.0,3.0,-1.0,1.18,0.48,67.44,6.98,9.3,57.17,
2025-09-26,Consumer Discretionary,115,5.0,5.0,0.0,0.98,0.37,53.04,-3.48,7.89,57.17,
2025-09-26,Industrials,183,6.0,2.0,-4.0,1.0,0.07,48.63,-14.21,14.84,57.17,
2025-09-26,Materials,56,7.0,8.0,1.0,0.9,-0.1,44.64,17.37,12.73,57.17,
2025-09-26,Health Care,103,8.0,10.0,2.0,0.92,-0.98,50.49,6.37,12.75,57.17,
2025-09-26,Financials,153,9.0,6.0,-3.0,1.0,-2.3,61.59,16.26,16.11,57.17,
2025-09-26,Real Estate,59,10.0,11.0,1.0,0.87,-3.22,64.41,30.51,3.39,57.17,
2025-09-26,Consumer Staples,56,11.0,9.0,-2.0,0.85,-9.03,28.57,-20.52,0.0,57.17,
2025-10-03,Utilities,41,1.0,4.0,3.0,1.13,5.57,90.24,2.44,46.34,59.72,LEADER
2025-10-03,Information Technology,156,2.0,1.0,-1.0,1.14,5.28,65.81,15.15,16.11,59.72,LEADER
2025-10-03,Health Care,103,3.0,8.0,5.0,0.96,5.28,78.64,25.7,21.57,59.72,À SURVEILLER
2025-10-03,Industrials,183,4.0,2.0,-2.0,1.01,0.55,56.28,-8.2,19.78,59.72,
2025-10-03,Communication Services,44,5.0,3.0,-2.0,1.15,-0.53,50.0,1.16,20.93,59.72,
2025-10-03,Materials,56,6.0,6.0,0.0,0.91,-1.09,46.43,-8.12,16.36,59.72,
2025-10-03,Consumer Discretionary,115,7.0,5.0,-2.0,0.97,-1.83,54.78,-2.61,16.67,59.72,
2025-10-03,Energy,35,8.0,10.0,2.0,0.88,-2.14,65.71,31.43,8.57,59.72,
2025-10-03,Real Estate,60,9.0,11.0,2.0,0.86,-2.86,64.41,27.12,6.78,59.72,
2025-10-03,Financials,153,10.0,7.0,-3.0,0.98,-4.3,54.3,-1.03,14.09,59.72,
2025-10-03,Consumer Staples,56,11.0,9.0,-2.0,0.84,-9.6,33.93,-27.89,7.41,59.72,
2025-10-10,Utilities,41,1.0,6.0,5.0,1.18,9.39,87.8,2.44,63.41,36.14,LEADER
2025-10-10,Information Technology,156,2.0,4.0,2.0,1.15,7.95,50.0,0.65,24.83,36.14,LEADER
2025-10-10,Health Care,103,3.0,5.0,2.0,0.96,5.68,58.25,-13.32,16.67,36.14,LEADER
2025-10-10,Communication Services,44,4.0,1.0,-3.0,1.15,0.1,27.27,-44.82,11.63,36.14,
2025-10-10,Industrials,183,5.0,3.0,-2.0,1.01,-0.03,33.33,-30.05,17.58,36.14,
2025-10-10,Materials,56,6.0,2.0,-4.0,0.91,-2.25,30.36,-26.01,18.18,36.14,
2025-10-10,Real Estate,60,7.0,10.0,3.0,0.86,-3.68,22.03,-15.25,0.0,36.14,
2025-10-10,Financials,153,8.0,8.0,0.0,0.97,-3.97,27.15,-34.85,10.74,36.14,
2025-10-10,Consumer Discretionary,115,9.0,7.0,-2.0,0.95,-5.34,18.26,-49.57,6.14,36.14,
2025-10-10,Energy,35,10.0,11.0,1.0,0.86,-6.38,22.86,-8.57,2.86,36.14,
2025-10-10,Consumer Staples,56,11.0,9.0,-2.0,0.85,-7.31,25.0,-29.55,9.26,36.14,
2025-10-17,Health Care,103,1.0,6.0,5.0,0.97,9.79,69.9,-6.57,14.71,43.14,LEADER
2025-10-17,Utilities,41,2.0,8.0,6.0,1.18,6.6,95.12,12.2,56.1,43.14,LEADER
2025-10-17,Information Technology,156,3.0,4.0,1.0,1.16,6.38,56.41,-3.98,12.08,43.14,LEADER
2025-10-17,Materials,56,4.0,3.0,-1.0,0.91,-0.04,35.71,-35.19,18.18,43.14,
2025-10-17,Industrials,183,5.0,1.0,-4.0,1.01,-0.22,43.17,-30.6,12.64,43.14,
2025-10-17,Communication Services,44,6.0,2.0,-4.0,1.14,-1.78,22.73,-49.37,4.65,43.14,
2025-10-17,Real Estate,60,7.0,9.0,2.0,0.87,-1.98,52.54,-16.95,6.78,43.14,
2025-10-17,Consumer Discretionary,115,8.0,5.0,-3.0,0.96,-3.36,32.17,-44.35,4.39,43.14,
2025-10-17,Energy,35,9.0,10.0,1.0,0.85,-5.01,31.43,-31.43,0.0,43.14,
2025-10-17,Consumer Staples,56,10.0,11.0,1.0,0.86,-5.6,32.14,-26.04,9.26,43.14,
2025-10-17,Financials,153,11.0,7.0,-4.0,0.95,-7.41,17.22,-62.91,4.03,43.14,
2025-10-24,Information Technology,156,1.0,2.0,1.0,1.17,9.62,67.95,7.56,18.12,51.6,LEADER
2025-10-24,Health Care,103,2.0,7.0,5.0,0.97,7.49,71.84,0.97,20.59,51.6,LEADER
2025-10-24,Utilities,41,3.0,9.0,6.0,1.15,4.4,97.56,31.71,29.27,51.6,À SURVEILLER
2025-10-24,Industrials,183,4.0,4.0,0.0,1.02,-0.42,57.92,-4.92,20.33,51.6,
2025-10-24,Materials,57,5.0,3.0,-2.0,0.91,-1.0,48.21,-13.6,7.27,51.6,
2025-10-24,Communication Services,44,6.0,1.0,-5.0,1.12,-1.58,25.0,-37.79,9.3,51.6,LEADER ESSOUFFLÉ
2025-10-24,Energy,35,7.0,6.0,-1.0,0.86,-2.19,51.43,-22.86,5.71,51.6,
2025-10-24,Real Estate,60,8.0,10.0,2.0,0.86,-2.91,54.24,-20.34,10.17,51.6,
2025-10-24,Consumer Discretionary,115,9.0,5.0,-4.0,0.96,-4.18,40.87,-28.7,7.89,51.6,
2025-10-24,Financials,153,10.0,8.0,-2.0,0.95,-6.42,26.97,-45.21,2.68,51.6,
2025-10-24,Consumer Staples,56,11.0,11.0,0.0,0.84,-8.72,25.0,-19.64,3.7,51.6,
2025-10-31,Information Technology,157,1.0,2.0,1.0,1.21,12.88,62.82,4.11,32.89,41.7,LEADER
2025-10-31,Health Care,103,2.0,6.0,4.0,0.97,8.44,58.25,-13.59,18.63,41.7,LEADER
2025-10-31,Industrials,183,3.0,5.0,2.0,1.03,0.36,53.01,-7.65,24.73,41.7,LEADER
2025-10-31,Materials,57,4.0,4.0,0.0,0.88,0.13,30.36,-26.01,5.45,41.7,
2025-10-31,Communication Services,44,5.0,1.0,-4.0,1.14,-0.56,25.0,-42.44,16.28,41.7,LEADER ESSOUFFLÉ
2025-10-31,Utilities,41,6.0,8.0,2.0,1.14,-1.48,60.98,9.76,14.63,41.7,
2025-10-31,Energy,35,7.0,10.0,3.0,0.87,-2.98,45.71,-8.57,2.86,41.7,
2025-10-31,Real Estate,60,8.0,9.0,1.0,0.84,-5.59,27.12,-49.15,6.78,41.7,
2025-10-31,Consumer Discretionary,115,9.0,3.0,-6.0,0.94,-5.74,24.35,-43.48,8.77,41.7,
2025-10-31,Financials,153,10.0,7.0,-3.0,0.95,-6.38,25.0,-37.91,5.37,41.7,
2025-10-31,Consumer Staples,56,11.0,11.0,0.0,0.82,-11.7,19.64,-33.93,0.0,41.7,
2025-11-07,Information Technology,157,1.0,1.0,0.0,1.18,9.92,48.08,-13.86,20.81,43.1,LEADER
2025-11-07,Health Care,103,2.0,7.0,5.0,0.98,8.07,59.22,-5.83,21.57,43.1,LEADER
2025-11-07,Energy,35,3.0,11.0,8.0,0.9,2.58,60.0,-5.71,5.71,43.1,LEADER
2025-11-07,Utilities,41,4.0,8.0,4.0,1.16,1.22,70.73,9.76,7.32,43.1,
2025-11-07,Industrials,183,5.0,4.0,-1.0,1.02,0.15,48.09,-10.93,12.09,43.1,
2025-11-07,Communication Services,44,6.0,2.0,-4.0,1.12,-1.56,25.0,-40.12,13.95,43.1,LEADER ESSOUFFLÉ
2025-11-07,Materials,57,7.0,5.0,-2.0,0.88,-2.67,28.57,-31.43,3.64,43.1,
2025-11-07,Real Estate,60,8.0,9.0,1.0,0.85,-3.18,37.29,-40.68,8.47,43.1,
2025-11-07,Financials,153,9.0,6.0,-3.0,0.96,-4.79,38.82,-30.72,8.72,43.1,
2025-11-07,Consumer Discretionary,115,10.0,3.0,-7.0,0.93,-5.49,30.43,-31.3,7.89,43.1,
2025-11-07,Consumer Staples,56,11.0,10.0,-1.0,0.82,-12.59,25.0,-14.29,0.0,43.1,
2025-11-14,Energy,35,1.0,10.0,9.0,0.94,8.04,80.0,25.71,22.86,40.1,À SURVEILLER
2025-11-14,Health Care,103,2.0,7.0,5.0,1.01,7.81,67.96,1.94,20.59,40.1,LEADER
2025-11-14,Information Technology,157,3.0,1.0,-2.0,1.15,7.57,31.41,-40.85,12.75,40.1,LEADER
2025-11-14,Utilities,41,4.0,8.0,4.0,1.16,3.94,65.85,19.51,14.63,40.1,À SURVEILLER
2025-11-14,Industrials,183,5.0,2.0,-3.0,1.01,-0.71,34.97,-21.86,10.99,40.1,
2025-11-14,Materials,57,6.0,5.0,-1.0,0.89,-1.82,30.36,-20.55,9.09,40.1,
2025-11-14,Real Estate,60,7.0,9.0,2.0,0.84,-3.11,30.51,-28.81,13.56,40.1,
2025-11-14,Financials,153,8.0,6.0,-2.0,0.97,-3.84,41.45,-23.45,14.77,40.1,
2025-11-14,Communication Services,44,9.0,3.0,-6.0,1.11,-4.22,18.18,-58.56,16.28,40.1,LEADER ESSOUFFLÉ
2025-11-14,Consumer Discretionary,115,10.0,4.0,-6.0,0.94,-6.55,29.57,-28.7,9.65,40.1,
2025-11-14,Consumer Staples,56,11.0,11.0,0.0,0.84,-8.25,41.07,12.5,5.45,40.1,
2025-11-21,Health Care,103,1.0,8.0,7.0,1.04,11.46,69.9,19.42,25.49,38.0,À SURVEILLER
2025-11-21,Utilities,41,2.0,2.0,0.0,1.16,5.9,53.66,-26.83,7.32,38.0,LEADER
2025-11-21,Energy,35,3.0,3.0,0.0,0.92,5.69,68.57,-22.86,11.43,38.0,LEADER
2025-11-21,Information Technology,157,4.0,1.0,-3.0,1.1,4.05,18.59,-47.22,1.34,38.0,
2025-11-21,Industrials,183,5.0,6.0,1.0,1.01,-1.06,33.88,-14.75,2.2,38.0,
2025-11-21,Materials,57,6.0,7.0,1.0,0.9,-1.53,28.57,-16.07,3.64,38.0,
2025-11-21,Real Estate,60,7.0,10.0,3.0,0.85,-2.92,40.68,-23.73,8.47,38.0,
2025-11-21,Communication Services,44,8.0,4.0,-4.0,1.11,-3.47,20.45,-46.99,9.3,38.0,LEADER ESSOUFFLÉ
2025-11-21,Financials,154,9.0,9.0,0.0,0.97,-3.95,39.47,-22.12,3.36,38.0,
2025-11-21,Consumer Discretionary,115,10.0,5.0,-5.0,0.95,-5.75,32.17,-20.87,1.74,38.0,
2025-11-21,Consumer Staples,56,11.0,11.0,0.0,0.85,-6.83,44.64,16.07,7.27,38.0,
2025-11-28,Health Care,103,1.0,3.0,2.0,1.03,11.75,78.64,0.0,33.33,58.6,LEADER
2025-11-28,Utilities,41,2.0,1.0,-1.0,1.15,5.59,78.05,-12.2,31.71,58.6,LEADER
2025-11-28,Information Technology,157,3.0,2.0,-1.0,1.13,4.99,37.82,-27.99,3.97,58.6,LEADER
2025-11-28,Energy,35,4.0,8.0,4.0,0.91,1.11,77.14,11.43,14.29,58.6,
2025-11-28,Materials,57,5.0,6.0,1.0,0.91,0.05,64.29,17.86,9.09,58.6,
2025-11-28,Industrials,183,6.0,4.0,-2.0,1.01,0.03,53.55,-2.73,10.38,58.6,
2025-11-28,Financials,154,7.0,10.0,3.0,0.96,-4.74,66.45,12.14,11.41,58.6,
2025-11-28,Real Estate,60,8.0,9.0,1.0,0.84,-5.01,59.32,-5.08,15.25,58.6,
2025-11-28,Consumer Discretionary,115,9.0,7.0,-2.0,0.95,-5.27,56.52,1.74,13.04,58.6,
2025-11-28,Communication Services,44,10.0,5.0,-5.0,1.1,-5.97,40.91,-9.09,9.3,58.6,
2025-11-28,Consumer Staples,56,11.0,11.0,0.0,0.84,-6.54,60.71,26.79,10.91,58.6,
2025-12-05,Health Care,103,1.0,3.0,2.0,1.01,7.81,69.9,11.65,6.86,57.4,LEADER
2025-12-05,Information Technology,157,2.0,2.0,0.0,1.17,7.22,55.77,5.77,13.25,57.4,LEADER
2025-12-05,Energy,35,3.0,10.0,7.0,0.92,5.47,82.86,60.0,22.86,57.4,À SURVEILLER
2025-12-05,Utilities,41,4.0,1.0,-3.0,1.09,1.71,9.76,-78.05,0.0,57.4,
2025-12-05,Industrials,183,5.0,5.0,0.0,1.01,0.74,59.56,26.23,10.93,57.4,
2025-12-05,Materials,57,6.0,6.0,0.0,0.9,-1.7,58.93,28.57,9.09,57.4,
2025-12-05,Financials,154,7.0,8.0,1.0,0.97,-3.19,68.42,41.27,16.78,57.4,
2025-12-05,Communication Services,44,8.0,4.0,-4.0,1.11,-5.05,47.73,20.45,6.98,57.4,
2025-12-05,Consumer Discretionary,115,9.0,9.0,0.0,0.95,-5.77,60.0,41.74,12.17,57.4,
2025-12-05,Consumer Staples,56,10.0,11.0,1.0,0.83,-6.91,44.64,19.64,12.73,57.4,
2025-12-05,Real Estate,60,11.0,7.0,-4.0,0.81,-8.22,35.59,13.56,8.47,57.4,
2025-12-12,Health Care,103,1.0,1.0,0.0,1.0,8.41,63.11,-6.8,8.82,61.24,LEADER
2025-12-12,Information Technology,157,2.0,3.0,1.0,1.15,3.38,53.85,-2.56,20.53,61.24,LEADER
2025-12-12,Energy,35,3.0,9.0,6.0,0.9,1.9,65.71,34.29,17.14,61.24,À SURVEILLER
2025-12-12,Industrials,183,4.0,5.0,1.0,1.02,1.23,63.93,20.77,21.31,61.24,
2025-12-12,Materials,57,5.0,4.0,-1.0,0.92,0.43,67.86,32.14,20.0,61.24,
2025-12-12,Utilities,41,6.0,2.0,-4.0,1.07,-1.77,7.32,-87.8,0.0,61.24,
2025-12-12,Financials,154,7.0,11.0,4.0,0.98,-2.1,82.89,65.68,28.86,61.24,
2025-12-12,Consumer Discretionary,115,8.0,8.0,0.0,0.96,-3.31,66.09,33.91,17.39,61.24,
2025-12-12,Communication Services,44,9.0,6.0,-3.0,1.12,-4.3,54.55,31.82,18.6,61.24,
2025-12-12,Consumer Staples,56,10.0,10.0,0.0,0.83,-4.97,58.93,26.79,7.27,61.24,
2025-12-12,Real Estate,60,11.0,7.0,-4.0,0.8,-9.12,40.0,-12.54,10.17,61.24,
2025-12-19,Health Care,104,1.0,2.0,1.0,1.01,9.51,63.11,-8.74,7.84,59.14,LEADER
2025-12-19,Materials,57,2.0,5.0,3.0,0.93,2.9,66.07,17.86,14.55,59.14,LEADER
2025-12-19,Industrials,183,3.0,4.0,1.0,1.01,1.0,60.11,2.19,9.84,59.14,LEADER
2025-12-19,Information Technology,157,4.0,1.0,-3.0,1.15,-0.04,55.13,-12.82,1.99,59.14,
2025-12-19,Energy,35,5.0,7.0,2.0,0.87,-0.29,45.71,-5.71,0.0,59.14,
2025-12-19,Utilities,41,6.0,3.0,-3.0,1.07,-1.68,4.88,-92.68,0.0,59.14,LEADER ESSOUFFLÉ
2025-12-19,Financials,154,7.0,10.0,3.0,0.98,-1.75,81.58,54.61,18.79,59.14,
2025-12-19,Consumer Discretionary,115,8.0,9.0,1.0,0.96,-1.91,66.96,26.09,13.91,59.14,
2025-12-19,Consumer Staples,56,9.0,11.0,2.0,0.83,-2.82,55.36,30.36,9.09,59.14,
2025-12-19,Communication Services,45,10.0,6.0,-4.0,1.13,-4.34,54.55,29.55,11.63,59.14,
2025-12-19,Real Estate,60,11.0,8.0,-3.0,0.8,-8.08,33.33,-20.9,3.39,59.14,
2025-12-26,Health Care,104,1.0,2.0,1.0,1.01,10.06,66.02,7.77,11.76,63.44,LEADER
2025-12-26,Materials,57,2.0,4.0,2.0,0.94,4.32,76.79,46.43,20.0,63.44,LEADER
2025-12-26,Industrials,183,3.0,3.0,0.0,1.02,1.67,65.57,12.57,12.57,63.44,LEADER
2025-12-26,Information Technology,157,4.0,1.0,-3.0,1.15,0.65,58.97,-3.85,5.96,63.44,
2025-12-26,Financials,154,5.0,10.0,5.0,0.99,-1.18,86.18,61.18,27.52,63.44,
2025-12-26,Consumer Discretionary,115,6.0,9.0,3.0,0.96,-2.92,67.83,43.48,10.43,63.44,
2025-12-26,Consumer Staples,56,7.0,11.0,4.0,0.82,-3.05,51.79,32.14,7.27,63.44,
2025-12-26,Communication Services,45,8.0,5.0,-3.0,1.13,-4.06,63.64,38.64,16.28,63.44,
2025-12-26,Utilities,41,9.0,6.0,-3.0,1.07,-4.07,12.2,-48.78,0.0,63.44,LEADER ESSOUFFLÉ
2025-12-26,Energy,35,10.0,7.0,-3.0,0.86,-6.66,48.57,2.86,2.86,63.44,
2025-12-26,Real Estate,60,11.0,8.0,-3.0,0.8,-7.83,40.0,12.88,3.39,63.44,
2026-01-02,Health Care,104,1.0,2.0,1.0,1.0,4.89,61.17,1.94,4.9,59.68,LEADER
2026-01-02,Materials,57,2.0,7.0,5.0,0.94,3.43,78.95,50.38,5.45,59.68,À SURVEILLER
2026-01-02,Industrials,183,3.0,5.0,2.0,1.02,1.67,65.03,16.94,3.83,59.68,LEADER
2026-01-02,Energy,35,4.0,3.0,-1.0,0.9,1.54,68.57,8.57,8.57,59.68,
2026-01-02,Financials,154,5.0,9.0,4.0,0.98,-0.11,75.66,36.84,5.37,59.68,
2026-01-02,Information Technology,157,6.0,1.0,-5.0,1.14,-0.75,46.15,-1.92,4.64,59.68,
2026-01-02,Communication Services,45,7.0,6.0,-1.0,1.14,-1.43,63.64,38.64,6.98,59.68,
2026-01-02,Consumer Discretionary,115,8.0,10.0,2.0,0.95,-2.2,60.87,30.43,2.61,59.68,
2026-01-02,Consumer Staples,56,9.0,11.0,2.0,0.82,-2.65,48.21,23.21,0.0,59.68,
2026-01-02,Utilities,41,10.0,4.0,-6.0,1.09,-3.28,26.83,-43.9,0.0,59.68,
2026-01-02,Real Estate,60,11.0,8.0,-3.0,0.8,-6.94,40.0,2.71,0.0,59.68,
2026-01-09,Materials,57,1.0,6.0,5.0,0.97,6.18,98.25,67.89,25.45,71.88,À SURVEILLER
2026-01-09,Health Care,104,2.0,2.0,0.0,1.0,4.01,71.84,3.88,19.61,71.88,LEADER
2026-01-09,Industrials,183,3.0,5.0,2.0,1.05,3.75,83.61,48.63,31.15,71.88,LEADER
2026-01-09,Consumer Discretionary,115,4.0,10.0,6.0,0.97,1.93,84.35,54.78,21.74,71.88,
2026-01-09,Energy,35,5.0,1.0,-4.0,0.88,1.32,65.71,-14.29,25.71,71.88,
2026-01-09,Financials,154,6.0,8.0,2.0,0.97,-0.43,83.55,42.11,32.89,71.88,
2026-01-09,Information Technology,157,7.0,3.0,-4.0,1.13,-1.68,50.96,19.55,13.25,71.88,
2026-01-09,Communication Services,45,8.0,9.0,1.0,1.1,-4.06,65.91,47.73,23.26,71.88,
2026-01-09,Consumer Staples,56,9.0,11.0,2.0,0.81,-5.64,64.29,23.21,9.09,71.88,
2026-01-09,Real Estate,60,10.0,7.0,-3.0,0.79,-8.02,61.67,31.16,10.17,71.88,
2026-01-09,Utilities,41,11.0,4.0,-7.0,1.05,-11.07,21.95,-43.9,0.0,71.88,
2026-01-16,Materials,57,1.0,6.0,5.0,0.98,7.63,94.74,66.17,21.82,71.68,ROTATION ENTRANTE
2026-01-16,Industrials,183,2.0,5.0,3.0,1.07,5.88,91.26,57.38,37.16,71.68,LEADER
2026-01-16,Energy,35,3.0,3.0,0.0,0.88,3.83,77.14,8.57,20.0,71.68,LEADER
2026-01-16,Health Care,104,4.0,1.0,-3.0,0.99,1.74,65.05,-4.85,13.73,71.68,
2026-01-16,Financials,154,5.0,9.0,4.0,0.96,0.97,67.11,27.63,13.42,71.68,
2026-01-16,Consumer Discretionary,115,6.0,10.0,4.0,0.94,-1.72,72.17,40.0,13.04,71.68,
2026-01-16,Information Technology,157,7.0,4.0,-3.0,1.12,-3.47,47.77,29.18,14.47,71.68,
2026-01-16,Consumer Staples,56,8.0,11.0,3.0,0.83,-4.41,71.43,26.79,20.0,71.68,
2026-01-16,Communication Services,45,9.0,8.0,-1.0,1.08,-5.06,54.55,34.09,18.6,71.68,
2026-01-16,Real Estate,60,10.0,7.0,-3.0,0.81,-6.74,81.67,40.99,16.95,71.68,
2026-01-16,Utilities,41,11.0,2.0,-9.0,1.07,-9.46,75.61,21.95,4.88,71.68,
2026-01-23,Materials,57,1.0,5.0,4.0,1.02,12.08,96.49,32.21,21.82,67.4,ROTATION ENTRANTE
2026-01-23,Energy,35,2.0,4.0,2.0,0.92,6.43,82.86,5.71,31.43,67.4,LEADER
2026-01-23,Industrials,183,3.0,6.0,3.0,1.06,4.45,87.43,33.88,27.87,67.4,À SURVEILLER
2026-01-23,Health Care,104,4.0,1.0,-3.0,0.99,2.67,62.14,-16.5,17.65,67.4,
2026-01-23,Consumer Staples,56,5.0,11.0,6.0,0.84,-0.1,78.57,17.86,12.73,67.4,
2026-01-23,Financials,154,6.0,7.0,1.0,0.95,-0.64,52.63,-13.82,15.44,67.4,
2026-01-23,Consumer Discretionary,115,7.0,9.0,2.0,0.93,-2.39,67.83,11.3,5.22,67.4,
2026-01-23,Communication Services,45,8.0,10.0,2.0,1.09,-2.57,59.09,18.18,9.3,67.4,
2026-01-23,Information Technology,157,9.0,3.0,-6.0,1.12,-4.69,49.68,11.86,13.82,67.4,
2026-01-23,Real Estate,60,10.0,8.0,-2.0,0.8,-7.32,65.0,5.68,5.08,67.4,
2026-01-23,Utilities,41,11.0,2.0,-9.0,1.05,-8.75,56.1,-21.95,2.44,67.4,
2026-01-30,Materials,57,1.0,6.0,5.0,0.99,12.55,85.96,27.04,21.82,62.35,ROTATION ENTRANTE
2026-01-30,Energy,35,2.0,3.0,1.0,0.96,10.39,97.14,14.29,40.0,62.35,LEADER
2026-01-30,Consumer Staples,56,3.0,10.0,7.0,0.85,3.88,75.0,30.36,14.55,62.35,À SURVEILLER
2026-01-30,Industrials,183,4.0,5.0,1.0,1.07,3.74,78.14,18.58,26.23,62.35,
2026-01-30,Health Care,104,5.0,1.0,-4.0,0.98,0.91,49.51,-20.39,9.8,62.35,
2026-01-30,Financials,154,6.0,7.0,1.0,0.95,0.77,55.56,-12.87,6.71,62.35,
2026-01-30,Consumer Discretionary,115,7.0,9.0,2.0,0.92,-1.18,51.3,-8.7,4.35,62.35,
2026-01-30,Communication Services,45,8.0,8.0,0.0,1.09,-4.38,61.36,13.64,13.95,62.35,
2026-01-30,Real Estate,60,9.0,11.0,2.0,0.8,-4.83,61.67,26.07,5.08,62.35,
2026-01-30,Utilities,41,10.0,4.0,-6.0,1.08,-5.32,78.05,68.29,17.07,62.35,
2026-01-30,Information Technology,157,11.0,2.0,-9.0,1.1,-8.55,42.68,-13.09,21.05,62.35,
2026-02-06,Materials,57,1.0,5.0,4.0,1.04,18.66,98.25,30.39,30.91,66.87,LEADER
2026-02-06,Energy,35,2.0,3.0,1.0,0.98,8.92,97.14,31.43,65.71,66.87,LEADER
2026-02-06,Industrials,184,3.0,4.0,1.0,1.1,7.82,84.7,20.77,46.45,66.87,LEADER
2026-02-06,Consumer Staples,56,4.0,10.0,6.0,0.87,6.2,91.07,32.14,23.64,66.87,À SURVEILLER
2026-02-06,Consumer Discretionary,115,5.0,8.0,3.0,0.93,-0.19,64.35,-1.74,17.39,66.87,
2026-02-06,Health Care,104,6.0,1.0,-5.0,0.97,-1.21,50.49,-12.62,18.63,66.87,
2026-02-06,Financials,154,7.0,7.0,0.0,0.94,-2.56,59.09,-23.8,28.86,66.87,
2026-02-06,Real Estate,60,8.0,11.0,3.0,0.79,-7.18,70.0,30.0,20.34,66.87,
2026-02-06,Communication Services,45,9.0,9.0,0.0,1.03,-7.93,40.91,-13.64,13.95,66.87,
2026-02-06,Utilities,41,10.0,6.0,-4.0,1.06,-8.56,75.61,68.29,19.51,66.87,
2026-02-06,Information Technology,157,11.0,2.0,-9.0,1.08,-8.67,43.31,-10.53,20.39,66.87,
2026-02-13,Materials,57,1.0,2.0,1.0,1.07,19.96,92.98,26.91,30.91,60.8,LEADER
2026-02-13,Industrials,185,2.0,3.0,1.0,1.1,8.88,72.13,12.02,44.81,60.8,LEADER
2026-02-13,Energy,35,3.0,5.0,2.0,1.01,7.89,97.14,51.43,62.86,60.8,LEADER
2026-02-13,Consumer Staples,56,4.0,9.0,5.0,0.88,5.44,85.71,30.36,21.82,60.8,ROTATION ENTRANTE
2026-02-13,Consumer Discretionary,115,5.0,8.0,3.0,0.92,-2.09,55.65,-11.3,15.65,60.8,
2026-02-13,Utilities,41,6.0,6.0,0.0,1.13,-2.26,95.12,90.24,65.85,60.8,
2026-02-13,Health Care,104,7.0,1.0,-6.0,0.96,-4.71,47.57,-15.53,14.71,60.8,LEADER ESSOUFFLÉ
2026-02-13,Information Technology,157,8.0,4.0,-4.0,1.09,-4.99,42.04,-13.09,23.03,60.8,
2026-02-13,Real Estate,60,9.0,11.0,2.0,0.8,-5.28,80.0,46.67,38.98,60.8,
2026-02-13,Financials,154,10.0,7.0,-3.0,0.91,-6.3,39.61,-41.97,14.77,60.8,
2026-02-13,Communication Services,45,11.0,10.0,-1.0,1.03,-7.89,38.64,-15.91,9.3,60.8,
2026-02-20,Materials,57,1.0,2.0,1.0,1.06,18.61,89.47,12.69,16.36,63.08,LEADER
2026-02-20,Energy,35,2.0,10.0,8.0,1.03,11.46,100.0,51.43,54.29,63.08,À SURVEILLER
2026-02-20,Industrials,185,3.0,3.0,0.0,1.11,9.73,76.5,10.93,28.42,63.08,LEADER
2026-02-20,Consumer Staples,56,4.0,7.0,3.0,0.87,2.86,91.07,39.29,12.73,63.08,ROTATION ENTRANTE
2026-02-20,Consumer Discretionary,115,5.0,6.0,1.0,0.92,-2.82,60.0,-7.83,12.17,63.08,
2026-02-20,Information Technology,157,6.0,4.0,-2.0,1.07,-2.91,41.4,-17.57,14.47,63.08,
2026-02-20,Utilities,41,7.0,9.0,2.0,1.12,-3.86,95.12,82.93,31.71,63.08,
2026-02-20,Communication Services,45,8.0,8.0,0.0,1.05,-5.19,47.73,-15.91,11.63,63.08,
2026-02-20,Financials,154,9.0,5.0,-4.0,0.91,-6.43,44.16,-42.03,6.71,63.08,
2026-02-20,Real Estate,60,10.0,11.0,1.0,0.8,-6.47,71.67,31.67,33.9,63.08,
2026-02-20,Health Care,104,11.0,1.0,-10.0,0.96,-7.1,50.49,-15.53,4.9,63.08,LEADER ESSOUFFLÉ
2026-02-27,Materials,57,1.0,2.0,1.0,1.08,17.87,87.72,8.77,27.27,57.95,LEADER
2026-02-27,Energy,35,2.0,4.0,2.0,1.04,14.91,97.14,28.57,60.0,57.95,LEADER
2026-02-27,Industrials,185,3.0,3.0,0.0,1.1,9.19,71.58,6.56,25.14,57.95,LEADER
2026-02-27,Consumer Staples,56,4.0,9.0,5.0,0.9,6.93,89.29,41.07,23.64,57.95,ROTATION ENTRANTE
2026-02-27,Utilities,41,5.0,10.0,5.0,1.14,-0.37,95.12,68.29,60.98,57.95,
2026-02-27,Communication Services,45,6.0,7.0,1.0,1.08,-1.46,53.33,-10.3,13.95,57.95,
2026-02-27,Real Estate,60,7.0,11.0,4.0,0.8,-4.35,70.0,30.0,37.29,57.95,
2026-02-27,Consumer Discretionary,115,8.0,8.0,0.0,0.91,-4.55,46.96,-13.91,7.83,57.95,
2026-02-27,Information Technology,157,9.0,6.0,-3.0,1.08,-4.82,38.85,-7.3,15.13,57.95,
2026-02-27,Health Care,104,10.0,1.0,-9.0,0.97,-6.04,52.43,-8.74,17.65,57.95,
2026-02-27,Financials,154,11.0,5.0,-6.0,0.89,-7.95,28.57,-47.09,4.7,57.95,
2026-03-06,Energy,35,1.0,5.0,4.0,1.1,18.7,94.29,28.57,65.71,39.82,LEADER
2026-03-06,Materials,57,2.0,1.0,-1.0,1.04,15.45,40.35,-57.89,16.36,39.82,LEADER
2026-03-06,Consumer Staples,56,3.0,9.0,6.0,0.88,6.46,64.29,0.0,10.91,39.82,ROTATION ENTRANTE
2026-03-06,Industrials,186,4.0,3.0,-1.0,1.07,5.98,38.25,-45.36,19.67,39.82,
2026-03-06,Utilities,41,5.0,11.0,6.0,1.15,5.52,82.93,60.98,39.02,39.82,À SURVEILLER
2026-03-06,Communication Services,45,6.0,8.0,2.0,1.12,0.53,48.89,-17.02,16.28,39.82,
2026-03-06,Real Estate,60,7.0,10.0,3.0,0.81,-0.24,66.67,5.0,27.12,39.82,
2026-03-06,Information Technology,157,8.0,7.0,-1.0,1.1,-5.33,29.3,-21.66,9.87,39.82,
2026-03-06,Health Care,104,9.0,2.0,-7.0,0.95,-5.78,31.73,-40.11,10.78,39.82,LEADER ESSOUFFLÉ
2026-03-06,Consumer Discretionary,115,10.0,4.0,-6.0,0.89,-5.97,24.35,-60.0,4.35,39.82,
2026-03-06,Financials,154,11.0,6.0,-5.0,0.9,-6.61,23.38,-60.18,6.0,39.82,
2026-03-13,Energy,35,1.0,3.0,2.0,1.14,27.17,88.57,11.43,57.14,29.59,LEADER
2026-03-13,Materials,57,2.0,1.0,-1.0,1.04,13.69,31.58,-63.16,10.91,29.59,LEADER
2026-03-13,Utilities,41,3.0,11.0,8.0,1.19,10.99,80.49,4.88,21.95,29.59,LEADER
2026-03-13,Consumer Staples,56,4.0,8.0,4.0,0.88,5.72,39.29,-32.14,10.91,29.59,
2026-03-13,Industrials,186,5.0,2.0,-3.0,1.06,4.65,23.5,-67.76,1.09,29.59,
2026-03-13,Real Estate,60,6.0,10.0,4.0,0.81,0.62,45.0,-36.67,1.69,29.59,
2026-03-13,Communication Services,45,7.0,9.0,2.0,1.11,-1.16,46.67,-7.88,2.33,29.59,
2026-03-13,Information Technology,157,8.0,7.0,-1.0,1.12,-2.09,29.3,-18.47,0.66,29.59,
2026-03-13,Health Care,104,9.0,4.0,-5.0,0.95,-5.18,20.19,-44.86,1.96,29.59,
2026-03-13,Consumer Discretionary,115,10.0,6.0,-4.0,0.88,-7.82,15.65,-56.52,0.87,29.59,
2026-03-13,Financials,154,11.0,5.0,-6.0,0.89,-9.18,11.69,-55.42,0.0,29.59,
2026-03-20,Energy,35,1.0,2.0,1.0,1.2,38.64,91.43,8.57,60.0,19.46,LEADER
2026-03-20,Utilities,41,2.0,11.0,9.0,1.15,7.53,48.78,-7.32,34.15,19.46,LEADER
2026-03-20,Materials,57,3.0,1.0,-2.0,0.99,7.32,15.79,-80.7,5.45,19.46,LEADER
2026-03-20,Industrials,186,4.0,3.0,-1.0,1.07,5.05,15.85,-71.58,2.19,19.46,
2026-03-20,Consumer Staples,56,5.0,5.0,0.0,0.86,3.94,16.07,-62.5,5.45,19.46,
2026-03-20,Real Estate,61,6.0,10.0,4.0,0.79,-0.4,15.0,-50.0,3.39,19.46,
2026-03-20,Information Technology,157,7.0,9.0,2.0,1.14,-1.01,28.66,-21.02,3.29,19.46,
2026-03-20,Communication Services,45,8.0,8.0,0.0,1.11,-1.36,26.67,-32.42,0.0,19.46,
2026-03-20,Health Care,104,9.0,4.0,-5.0,0.95,-5.2,10.58,-51.56,0.0,19.46,
2026-03-20,Consumer Discretionary,115,10.0,7.0,-3.0,0.88,-8.34,6.96,-60.87,1.74,19.46,
2026-03-20,Financials,154,11.0,6.0,-5.0,0.9,-8.39,7.79,-44.84,0.0,19.46,
2026-03-27,Energy,35,1.0,2.0,1.0,1.29,49.11,100.0,2.86,74.29,20.36,LEADER
2026-03-27,Materials,57,2.0,1.0,-1.0,1.05,11.87,24.56,-61.4,12.73,20.36,LEADER
2026-03-27,Utilities,41,3.0,10.0,7.0,1.18,10.64,70.73,-7.32,4.88,20.36,LEADER
2026-03-27,Consumer Staples,56,4.0,3.0,-1.0,0.87,6.56,28.57,-46.43,7.27,20.36,
2026-03-27,Industrials,186,5.0,4.0,-1.0,1.07,4.82,12.02,-66.12,5.46,20.36,
2026-03-27,Real Estate,61,6.0,9.0,3.0,0.78,-1.76,5.0,-56.67,0.0,20.36,
2026-03-27,Communication Services,45,7.0,8.0,1.0,1.1,-2.51,37.78,-23.59,6.98,20.36,
2026-03-27,Information Technology,157,8.0,11.0,3.0,1.11,-3.45,22.29,-20.38,7.14,20.36,
2026-03-27,Health Care,104,9.0,5.0,-4.0,0.95,-5.83,14.42,-35.09,0.98,20.36,
2026-03-27,Consumer Discretionary,115,10.0,7.0,-3.0,0.88,-7.98,12.17,-39.13,2.61,20.36,
2026-03-27,Financials,154,11.0,6.0,-5.0,0.89,-9.47,3.25,-52.31,0.0,20.36,
2026-04-03,Energy,35,1.0,2.0,1.0,1.19,32.38,85.71,-11.43,14.29,31.18,LEADER
2026-04-03,Materials,57,2.0,1.0,-1.0,1.05,12.39,33.33,-64.91,16.36,31.18,LEADER
2026-04-03,Utilities,41,3.0,10.0,7.0,1.17,7.66,78.05,2.44,14.63,31.18,LEADER
2026-04-03,Consumer Staples,56,4.0,4.0,0.0,0.85,4.39,33.93,-57.14,14.29,31.18,
2026-04-03,Industrials,186,5.0,3.0,-2.0,1.06,3.83,25.14,-59.56,1.09,31.18,
2026-04-03,Information Technology,157,6.0,11.0,5.0,1.13,-0.94,35.03,-8.28,4.55,31.18,
2026-04-03,Communication Services,45,7.0,9.0,2.0,1.12,-1.59,48.89,7.98,6.98,31.18,
2026-04-03,Real Estate,61,8.0,8.0,0.0,0.79,-2.06,26.67,-43.33,3.39,31.18,
2026-04-03,Health Care,104,9.0,6.0,-3.0,0.96,-4.75,24.04,-26.45,2.94,31.18,
2026-04-03,Consumer Discretionary,115,10.0,5.0,-5.0,0.88,-7.95,21.74,-42.61,4.35,31.18,
2026-04-03,Financials,154,11.0,7.0,-4.0,0.9,-8.1,16.23,-42.86,0.66,31.18,
2026-04-10,Energy,35,1.0,3.0,2.0,1.13,28.81,80.0,-17.14,5.71,47.27,LEADER
2026-04-10,Materials,57,2.0,1.0,-1.0,1.07,11.13,54.39,-38.6,10.91,47.27,LEADER
2026-04-10,Utilities,41,3.0,6.0,3.0,1.16,10.91,85.37,-9.76,48.78,47.27,LEADER
2026-04-10,Consumer Staples,56,4.0,4.0,0.0,0.84,4.52,35.71,-50.0,10.71,47.27,
2026-04-10,Industrials,186,5.0,2.0,-3.0,1.09,4.07,49.18,-22.95,15.3,47.27,
2026-04-10,Communication Services,45,6.0,11.0,5.0,1.1,-0.56,53.33,14.7,6.98,47.27,
2026-04-10,Real Estate,61,7.0,9.0,2.0,0.78,-0.7,51.67,-28.33,3.39,47.27,
2026-04-10,Information Technology,157,8.0,8.0,0.0,1.11,-1.31,44.59,2.55,21.94,47.27,
2026-04-10,Health Care,104,9.0,7.0,-2.0,0.94,-6.05,31.73,-15.84,1.94,47.27,
2026-04-10,Financials,154,10.0,10.0,0.0,0.9,-7.35,44.81,5.19,5.3,47.27,
2026-04-10,Consumer Discretionary,115,11.0,5.0,-6.0,0.88,-8.51,39.13,-16.52,6.09,47.27,
2026-04-17,Energy,35,1.0,2.0,1.0,1.04,17.78,31.43,-68.57,2.86,67.96,LEADER
2026-04-17,Materials,57,2.0,1.0,-1.0,1.04,5.96,64.91,-24.56,18.18,67.96,LEADER
2026-04-17,Information Technology,157,3.0,6.0,3.0,1.18,5.58,73.89,32.48,30.32,67.96,À SURVEILLER
2026-04-17,Utilities,41,4.0,7.0,3.0,1.1,3.37,58.54,-36.59,0.0,67.96,
2026-04-17,Communication Services,45,5.0,8.0,3.0,1.1,1.97,77.78,30.05,13.95,67.96,À SURVEILLER
2026-04-17,Industrials,186,6.0,3.0,-3.0,1.07,0.37,61.41,-15.09,23.5,67.96,
2026-04-17,Consumer Staples,56,7.0,4.0,-3.0,0.81,-2.22,30.36,-60.71,1.79,67.96,
2026-04-17,Real Estate,61,8.0,10.0,2.0,0.79,-2.42,88.33,16.67,25.42,67.96,
2026-04-17,Health Care,104,9.0,11.0,2.0,0.94,-4.75,56.73,6.25,4.85,67.96,
2026-04-17,Financials,154,10.0,9.0,-1.0,0.91,-5.31,89.61,45.45,9.27,67.96,
2026-04-17,Consumer Discretionary,115,11.0,5.0,-6.0,0.89,-5.87,71.3,11.3,12.17,67.96,
2026-04-24,Energy,35,1.0,2.0,1.0,1.1,19.51,68.57,-28.57,8.57,58.57,LEADER
2026-04-24,Information Technology,157,2.0,9.0,7.0,1.22,9.1,70.06,31.21,34.84,58.57,À SURVEILLER
2026-04-24,Utilities,41,3.0,5.0,2.0,1.11,5.23,43.9,-51.22,4.88,58.57,LEADER
2026-04-24,Materials,57,4.0,1.0,-3.0,1.03,1.26,49.12,-38.6,12.73,58.57,
2026-04-24,Industrials,187,5.0,3.0,-2.0,1.08,1.08,57.84,-13.75,24.04,58.57,
2026-04-24,Communication Services,45,6.0,6.0,0.0,1.08,-1.42,57.78,4.44,13.95,58.57,
2026-04-24,Real Estate,61,7.0,7.0,0.0,0.78,-1.82,71.67,1.67,18.64,58.57,
2026-04-24,Consumer Staples,56,8.0,4.0,-4.0,0.81,-2.88,39.29,-50.0,3.57,58.57,
2026-04-24,Financials,154,9.0,11.0,2.0,0.9,-5.26,70.13,41.56,8.61,58.57,
2026-04-24,Consumer Discretionary,115,10.0,8.0,-2.0,0.88,-6.19,60.0,13.04,15.65,58.57,
2026-04-24,Health Care,104,11.0,10.0,-1.0,0.92,-7.77,34.62,-17.81,4.85,58.57,
2026-05-01,Energy,35,1.0,1.0,0.0,1.14,18.51,74.29,-20.0,37.14,58.87,LEADER
2026-05-01,Information Technology,157,2.0,8.0,6.0,1.24,12.57,75.8,46.5,21.29,58.87,ROTATION ENTRANTE
2026-05-01,Materials,57,3.0,2.0,-1.0,1.02,2.56,43.86,3.51,10.71,58.87,LEADER
2026-05-01,Utilities,41,4.0,5.0,1.0,1.1,2.28,56.1,-26.83,14.63,58.87,
2026-05-01,Industrials,187,5.0,4.0,-1.0,1.07,0.81,56.22,17.96,20.22,58.87,
2026-05-01,Communication Services,45,6.0,6.0,0.0,1.08,-0.92,53.33,4.44,13.95,58.87,
2026-05-01,Real Estate,61,7.0,7.0,0.0,0.78,-1.92,85.0,18.33,10.17,58.87,
2026-05-01,Consumer Staples,56,8.0,3.0,-5.0,0.81,-5.37,39.29,-25.0,5.36,58.87,
2026-05-01,Financials,154,9.0,11.0,2.0,0.9,-6.18,71.43,48.05,8.61,58.87,
2026-05-01,Consumer Discretionary,115,10.0,10.0,0.0,0.86,-7.22,47.83,23.48,4.35,58.87,
2026-05-01,Health Care,104,11.0,9.0,-2.0,0.91,-7.4,33.65,1.92,5.83,58.87,
2026-05-08,Information Technology,157,1.0,8.0,7.0,1.3,21.14,74.52,45.22,32.9,56.99,ROTATION ENTRANTE
2026-05-08,Energy,35,2.0,1.0,-1.0,1.07,8.92,40.0,-48.57,20.0,56.99,LEADER
2026-05-08,Communication Services,45,3.0,7.0,4.0,1.07,4.49,55.56,8.89,6.82,56.99,LEADER
2026-05-08,Real Estate,61,4.0,6.0,2.0,0.79,0.58,78.33,33.33,13.56,56.99,
2026-05-08,Utilities,41,5.0,3.0,-2.0,1.06,0.36,21.95,-58.54,2.44,56.99,
2026-05-08,Materials,57,6.0,2.0,-4.0,1.02,-2.16,54.39,22.81,12.5,56.99,
2026-05-08,Industrials,187,7.0,5.0,-2.0,1.07,-2.56,56.22,32.72,21.31,56.99,
2026-05-08,Financials,154,8.0,11.0,3.0,0.89,-5.65,67.53,55.84,7.28,56.99,
2026-05-08,Health Care,104,9.0,9.0,0.0,0.91,-6.06,44.23,24.04,11.65,56.99,
2026-05-08,Consumer Staples,56,10.0,4.0,-6.0,0.8,-8.09,44.64,5.36,8.93,56.99,
2026-05-08,Consumer Discretionary,115,11.0,10.0,-1.0,0.84,-9.98,46.09,30.43,5.22,56.99,
2026-05-15,Information Technology,157,1.0,7.0,6.0,1.32,21.2,71.97,43.31,30.77,46.34,ROTATION ENTRANTE
2026-05-15,Energy,35,2.0,1.0,-1.0,1.15,13.94,77.14,-14.29,8.57,46.34,LEADER
2026-05-15,Communication Services,45,3.0,8.0,5.0,1.07,4.0,51.11,24.44,11.36,46.34,LEADER
2026-05-15,Real Estate,61,4.0,6.0,2.0,0.79,-1.48,56.67,41.67,10.17,46.34,
2026-05-15,Financials,154,5.0,11.0,6.0,0.89,-2.01,50.0,42.21,7.28,46.34,
2026-05-15,Industrials,187,6.0,4.0,-2.0,1.07,-2.78,43.55,27.7,14.21,46.34,
2026-05-15,Health Care,104,7.0,9.0,2.0,0.92,-4.6,35.58,25.0,10.68,46.34,
2026-05-15,Utilities,41,8.0,2.0,-6.0,1.06,-6.15,9.76,-39.02,2.44,46.34,
2026-05-15,Materials,57,9.0,3.0,-6.0,1.0,-6.82,31.58,15.79,5.36,46.34,
2026-05-15,Consumer Staples,56,10.0,5.0,-5.0,0.8,-9.34,42.86,26.79,7.14,46.34,
2026-05-15,Consumer Discretionary,115,11.0,10.0,-1.0,0.82,-10.63,26.09,19.13,5.22,46.34,
2026-05-22,Information Technology,157,1.0,8.0,7.0,1.35,25.67,80.25,57.96,19.87,59.5,ROTATION ENTRANTE
2026-05-22,Energy,35,2.0,1.0,-1.0,1.12,8.58,60.0,-40.0,34.29,59.5,LEADER
2026-05-22,Communication Services,45,3.0,7.0,4.0,1.06,1.04,62.22,24.44,11.36,59.5,LEADER
2026-05-22,Real Estate,61,4.0,6.0,2.0,0.79,-1.14,81.67,76.67,13.56,59.5,
2026-05-22,Financials,154,5.0,11.0,6.0,0.88,-3.32,64.29,61.04,9.93,59.5,
2026-05-22,Utilities,41,6.0,3.0,-3.0,1.08,-3.61,48.78,-21.95,4.88,59.5,
2026-05-22,Industrials,187,7.0,5.0,-2.0,1.06,-4.38,57.53,45.51,7.1,59.5,
2026-05-22,Health Care,104,8.0,9.0,1.0,0.92,-4.59,48.08,33.65,7.77,59.5,
2026-05-22,Materials,57,9.0,2.0,-7.0,0.99,-7.21,40.35,15.79,1.79,59.5,
2026-05-22,Consumer Staples,56,10.0,4.0,-6.0,0.79,-9.45,48.21,19.64,7.14,59.5,
2026-05-22,Consumer Discretionary,115,11.0,10.0,-1.0,0.83,-9.51,44.35,32.17,3.48,59.5,
2026-05-29,Information Technology,157,1.0,6.0,5.0,1.39,29.1,80.25,45.22,31.41,58.51,ROTATION ENTRANTE
2026-05-29,Energy,35,2.0,1.0,-1.0,1.04,0.05,28.57,-57.14,2.86,58.51,LEADER
2026-05-29,Communication Services,45,3.0,7.0,4.0,1.06,-2.07,68.89,20.0,11.36,58.51,LEADER
2026-05-29,Financials,154,4.0,11.0,7.0,0.86,-2.83,55.19,38.96,7.24,58.51,
2026-05-29,Industrials,188,5.0,5.0,0.0,1.07,-3.12,58.6,33.47,14.75,58.51,
2026-05-29,Real Estate,61,6.0,8.0,2.0,0.77,-3.51,71.67,45.0,15.25,58.51,
2026-05-29,Health Care,104,7.0,9.0,2.0,0.92,-5.38,54.81,30.77,8.74,58.51,
2026-05-29,Materials,57,8.0,2.0,-6.0,1.0,-6.66,56.14,22.81,8.93,58.51,
2026-05-29,Consumer Discretionary,115,9.0,10.0,1.0,0.84,-6.88,57.39,35.65,9.57,58.51,
2026-05-29,Utilities,41,10.0,3.0,-7.0,1.05,-8.44,21.95,-56.1,4.88,58.51,LEADER ESSOUFFLÉ
2026-05-29,Consumer Staples,56,11.0,4.0,-7.0,0.78,-13.45,41.07,7.14,1.79,58.51,
2026-06-05,Information Technology,157,1.0,8.0,7.0,1.35,22.08,70.06,25.48,32.69,54.01,ROTATION ENTRANTE
2026-06-05,Industrials,188,2.0,5.0,3.0,1.07,-0.01,58.6,9.42,14.21,54.01,LEADER
2026-06-05,Health Care,104,3.0,9.0,6.0,0.93,-2.1,56.73,25.0,11.65,54.01,LEADER
2026-06-05,Energy,35,4.0,1.0,-3.0,1.07,-2.47,28.57,-51.43,11.43,54.01,
2026-06-05,Real Estate,61,5.0,7.0,2.0,0.79,-2.54,67.21,15.55,8.47,54.01,
2026-06-05,Financials,154,6.0,10.0,4.0,0.87,-3.39,56.49,11.69,12.5,54.01,
2026-06-05,Materials,57,7.0,2.0,-5.0,0.98,-5.18,35.09,-19.3,10.71,54.01,
2026-06-05,Consumer Discretionary,115,8.0,11.0,3.0,0.84,-6.21,46.96,7.83,6.96,54.01,
2026-06-05,Communication Services,45,9.0,6.0,-3.0,1.03,-7.86,35.56,-17.78,9.09,54.01,
2026-06-05,Utilities,41,10.0,3.0,-7.0,1.06,-7.98,31.71,-53.66,2.44,54.01,LEADER ESSOUFFLÉ
2026-06-05,Consumer Staples,56,11.0,4.0,-7.0,0.78,-11.1,48.21,12.5,5.36,54.01,
2026-06-12,Information Technology,157,1.0,3.0,2.0,1.33,18.64,63.69,-10.19,7.69,60.04,ROTATION ENTRANTE
2026-06-12,Industrials,188,2.0,6.0,4.0,1.07,0.43,60.22,-1.2,12.02,60.04,LEADER
2026-06-12,Financials,154,3.0,10.0,7.0,0.88,-1.76,65.58,-24.03,15.79,60.04,LEADER
2026-06-12,Real Estate,61,4.0,8.0,4.0,0.79,-2.1,78.69,-9.64,27.12,60.04,
2026-06-12,Health Care,104,5.0,9.0,4.0,0.92,-2.63,60.58,3.85,9.71,60.04,
2026-06-12,Consumer Discretionary,115,6.0,11.0,5.0,0.86,-3.17,61.74,-9.57,11.3,60.04,
2026-06-12,Materials,57,7.0,2.0,-5.0,1.0,-3.96,54.39,-10.53,8.93,60.04,
2026-06-12,Energy,35,8.0,1.0,-7.0,1.05,-7.62,28.57,-2.86,0.0,60.04,
2026-06-12,Communication Services,46,9.0,5.0,-4.0,1.02,-8.08,42.22,-35.56,9.09,60.04,
2026-06-12,Consumer Staples,56,10.0,7.0,-3.0,0.8,-9.18,62.5,32.14,8.93,60.04,
2026-06-12,Utilities,41,11.0,4.0,-7.0,1.04,-12.72,41.46,-17.07,2.44,60.04,LEADER ESSOUFFLÉ
2026-06-19,Information Technology,157,1.0,2.0,1.0,1.34,17.57,56.69,-13.38,15.38,55.89,LEADER
2026-06-19,Industrials,189,2.0,5.0,3.0,1.09,2.1,63.44,5.6,14.75,55.89,LEADER
2026-06-19,Materials,57,3.0,4.0,1.0,1.01,1.28,63.16,14.04,3.57,55.89,LEADER
2026-06-19,Real Estate,61,4.0,7.0,3.0,0.77,-2.35,54.1,-17.57,1.69,55.89,
2026-06-19,Consumer Discretionary,115,5.0,10.0,5.0,0.86,-2.58,64.35,4.35,6.09,55.89,
2026-06-19,Financials,154,6.0,9.0,3.0,0.88,-2.77,61.69,-8.44,13.82,55.89,
2026-06-19,Health Care,104,7.0,11.0,4.0,0.92,-3.12,53.85,19.23,5.83,55.89,
2026-06-19,Utilities,41,8.0,3.0,-5.0,1.05,-8.52,34.15,-9.76,4.88,55.89,
2026-06-19,Consumer Staples,56,9.0,8.0,-1.0,0.78,-9.44,50.0,10.71,1.79,55.89,
2026-06-19,Communication Services,46,10.0,6.0,-4.0,1.0,-10.01,40.0,-17.78,2.27,55.89,
2026-06-19,Energy,35,11.0,1.0,-10.0,0.99,-17.27,11.43,-57.14,0.0,55.89,
2026-06-26,Information Technology,157,1.0,2.0,1.0,1.29,16.55,44.59,-31.21,19.87,62.12,LEADER
2026-06-26,Health Care,104,2.0,11.0,9.0,0.97,2.57,78.85,45.19,25.24,62.12,À SURVEILLER
2026-06-26,Real Estate,61,3.0,7.0,4.0,0.8,1.85,80.33,-4.67,25.42,62.12,LEADER
2026-06-26,Industrials,191,4.0,5.0,1.0,1.08,0.82,68.28,12.06,22.95,62.12,
2026-06-26,Financials,154,5.0,9.0,4.0,0.88,-1.82,68.18,-3.25,28.95,62.12,
2026-06-26,Consumer Discretionary,115,6.0,10.0,4.0,0.86,-2.28,60.0,12.17,11.3,62.12,
2026-06-26,Materials,57,7.0,3.0,-4.0,0.99,-5.76,57.89,14.04,5.36,62.12,
2026-06-26,Consumer Staples,56,8.0,8.0,0.0,0.8,-8.98,62.5,23.21,8.93,62.12,
2026-06-26,Utilities,41,9.0,4.0,-5.0,1.07,-9.31,82.93,26.83,26.83,62.12,
2026-06-26,Communication Services,46,10.0,6.0,-4.0,0.99,-10.48,33.33,-20.0,6.82,62.12,
2026-06-26,Energy,35,11.0,1.0,-10.0,1.0,-22.38,25.71,-48.57,2.86,62.12,LEADER ESSOUFFLÉ
2026-07-03,Information Technology,157,1.0,1.0,0.0,1.28,13.63,48.41,-26.11,12.18,64.59,LEADER
2026-07-03,Health Care,104,2.0,9.0,7.0,0.99,3.9,90.38,46.15,30.1,64.59,À SURVEILLER
2026-07-03,Real Estate,61,3.0,4.0,1.0,0.79,0.65,73.77,-4.56,28.81,64.59,LEADER
2026-07-03,Industrials,191,4.0,7.0,3.0,1.06,0.07,62.37,6.15,15.3,64.59,
2026-07-03,Financials,154,5.0,8.0,3.0,0.9,0.02,79.22,11.69,27.45,64.59,
2026-07-03,Consumer Discretionary,115,6.0,11.0,5.0,0.85,-2.98,65.22,19.13,5.22,64.59,
2026-07-03,Consumer Staples,56,7.0,10.0,3.0,0.8,-6.82,62.5,17.86,10.71,64.59,
2026-07-03,Materials,57,8.0,6.0,-2.0,0.97,-7.79,52.63,-1.75,10.71,64.59,
2026-07-03,Communication Services,46,9.0,3.0,-6.0,1.03,-8.26,46.67,-8.89,18.18,64.59,
2026-07-03,Utilities,41,10.0,5.0,-5.0,1.05,-10.43,75.61,53.66,12.2,64.59,
2026-07-03,Energy,35,11.0,2.0,-9.0,0.98,-17.67,22.86,-17.14,2.86,64.59,LEADER ESSOUFFLÉ
2026-07-10,Information Technology,157,1.0,1.0,0.0,1.31,17.22,48.41,-23.57,5.13,63.64,LEADER
2026-07-10,Health Care,104,2.0,7.0,5.0,0.99,4.74,88.46,52.88,27.18,63.64,ROTATION ENTRANTE
2026-07-10,Financials,154,3.0,5.0,2.0,0.91,0.96,84.42,34.42,26.14,63.64,LEADER
2026-07-10,Real Estate,61,4.0,4.0,0.0,0.78,-0.58,68.85,12.19,22.03,63.64,
2026-07-10,Industrials,191,5.0,6.0,1.0,1.05,-3.51,57.75,14.21,7.65,63.64,
2026-07-10,Consumer Discretionary,115,6.0,11.0,5.0,0.85,-4.21,59.13,33.04,6.09,63.64,
2026-07-10,Consumer Staples,56,7.0,10.0,3.0,0.79,-6.15,58.93,16.07,1.79,63.64,
2026-07-10,Communication Services,46,8.0,3.0,-5.0,1.02,-7.13,53.33,2.22,9.09,63.64,
2026-07-10,Utilities,41,9.0,8.0,-1.0,1.05,-9.91,80.49,70.73,7.32,63.64,
2026-07-10,Energy,35,10.0,2.0,-8.0,1.01,-10.3,34.29,-42.86,14.29,63.64,LEADER ESSOUFFLÉ
2026-07-10,Materials,57,11.0,9.0,-2.0,0.95,-11.35,45.61,14.04,3.57,63.64,
2026-07-17,Information Technology,157,1.0,1.0,0.0,1.26,6.85,39.49,-40.76,5.13,63.44,LEADER
2026-07-17,Health Care,104,2.0,8.0,6.0,0.98,4.65,80.77,32.69,9.71,63.44,ROTATION ENTRANTE
2026-07-17,Real Estate,61,3.0,4.0,1.0,0.81,2.33,77.05,-4.62,40.68,63.44,LEADER
2026-07-17,Financials,154,4.0,5.0,1.0,0.92,1.82,88.31,24.03,33.33,63.44,
2026-07-17,Energy,35,5.0,2.0,-3.0,1.05,1.33,60.0,0.0,14.29,63.44,LEADER ESSOUFFLÉ
2026-07-17,Consumer Staples,56,6.0,10.0,4.0,0.8,-0.92,71.43,23.21,8.93,63.44,
2026-07-17,Industrials,191,7.0,7.0,0.0,1.05,-2.59,54.01,-3.52,8.2,63.44,
2026-07-17,Consumer Discretionary,115,8.0,11.0,3.0,0.85,-4.32,60.87,16.52,8.7,63.44,
2026-07-17,Utilities,41,9.0,6.0,-3.0,1.04,-5.6,70.73,21.95,9.76,63.44,
2026-07-17,Communication Services,46,10.0,3.0,-7.0,1.02,-8.03,53.33,-8.89,11.36,63.44,
2026-07-17,Materials,57,11.0,9.0,-2.0,0.95,-8.92,49.12,8.77,5.36,63.44,
2026-07-24,Health Care,104,1.0,7.0,6.0,0.98,7.16,76.92,22.12,16.5,62.41,ROTATION ENTRANTE
2026-07-24,Real Estate,61,2.0,6.0,4.0,0.81,3.49,81.97,10.3,25.0,62.41,LEADER
2026-07-24,Financials,154,3.0,4.0,1.0,0.92,2.83,81.82,26.62,14.38,62.41,LEADER
2026-07-24,Information Technology,157,4.0,1.0,-3.0,1.25,2.14,30.57,-49.68,0.0,62.41,
2026-07-24,Energy,35,5.0,2.0,-3.0,1.09,-0.66,85.71,57.14,17.14,62.41,
2026-07-24,Industrials,191,6.0,5.0,-1.0,1.06,-1.6,61.5,2.9,9.29,62.41,
2026-07-24,Consumer Staples,56,7.0,11.0,4.0,0.79,-2.25,67.86,26.79,7.14,62.41,
2026-07-24,Utilities,41,8.0,10.0,2.0,1.06,-4.14,85.37,63.41,4.88,62.41,
2026-07-24,Consumer Discretionary,115,9.0,9.0,0.0,0.84,-4.34,53.91,-3.48,3.48,62.41,
2026-07-24,Materials,57,10.0,8.0,-2.0,0.97,-5.82,52.63,-3.51,7.14,62.41,
2026-07-24,Communication Services,45,11.0,3.0,-8.0,0.98,-9.05,38.64,-30.25,2.27,62.41,
2026-07-31,Health Care,104,1.0,3.0,2.0,0.99,9.36,76.92,20.19,21.36,60.14,ROTATION ENTRANTE
2026-07-31,Financials,154,2.0,6.0,4.0,0.93,3.29,81.17,24.68,26.8,60.14,À SURVEILLER
2026-07-31,Information Technology,158,3.0,1.0,-2.0,1.28,2.7,47.13,-22.93,3.21,60.14,LEADER
2026-07-31,Real Estate,61,4.0,5.0,1.0,0.79,1.35,68.85,1.64,26.67,60.14,
2026-07-31,Consumer Staples,56,5.0,11.0,6.0,0.8,-0.49,69.64,21.43,12.5,60.14,
2026-07-31,Consumer Discretionary,115,6.0,8.0,2.0,0.85,-0.65,56.52,9.57,15.65,60.14,
2026-07-31,Industrials,191,7.0,2.0,-5.0,1.04,-3.59,51.87,-6.73,8.74,60.14,
2026-07-31,Energy,35,8.0,4.0,-4.0,1.08,-5.61,80.0,51.43,5.71,60.14,
2026-07-31,Materials,57,9.0,7.0,-2.0,0.95,-7.12,47.37,12.28,10.71,60.14,
2026-07-31,Communication Services,46,10.0,9.0,-1.0,0.99,-8.11,50.0,14.44,9.09,60.14,
2026-07-31,Utilities,41,11.0,10.0,-1.0,1.01,-8.27,21.95,-9.76,2.44,60.14,
2026-08-07,Health Care,104,1.0,5.0,4.0,1.0,9.36,77.88,17.31,17.48,65.71,LEADER
2026-08-07,Information Technology,158,2.0,1.0,-1.0,1.34,3.0,61.15,-2.55,10.26,65.71,LEADER
2026-08-07,Financials,154,3.0,3.0,0.0,0.91,2.2,83.77,18.18,24.18,65.71,LEADER
2026-08-07,Consumer Discretionary,115,4.0,6.0,2.0,0.84,0.45,68.7,6.96,11.3,65.71,
2026-08-07,Consumer Staples,56,5.0,10.0,5.0,0.79,-1.42,67.86,5.36,3.57,65.71,
2026-08-07,Industrials,191,6.0,2.0,-4.0,1.05,-2.62,63.3,3.08,14.75,65.71,
2026-08-07,Real Estate,61,7.0,4.0,-3.0,0.76,-3.81,50.82,-27.87,3.33,65.71,
2026-08-07,Materials,57,8.0,7.0,-1.0,0.98,-4.54,63.16,8.77,14.04,65.71,
2026-08-07,Energy,35,9.0,8.0,-1.0,1.0,-6.61,54.29,25.71,0.0,65.71,
2026-08-07,Communication Services,46,10.0,9.0,-1.0,1.0,-7.15,65.91,23.69,6.82,65.71,
2026-08-07,Utilities,41,11.0,11.0,0.0,0.97,-8.56,19.51,-21.95,0.0,65.71,
2026-08-14,Health Care,104,1.0,7.0,6.0,0.99,8.09,80.77,26.92,17.48,66.9,À SURVEILLER
2026-08-14,Information Technology,158,2.0,1.0,-1.0,1.37,3.63,68.79,12.1,12.1,66.9,LEADER
2026-08-14,Financials,154,3.0,6.0,3.0,0.91,2.31,83.12,21.43,20.92,66.9,À SURVEILLER
2026-08-14,Consumer Discretionary,115,4.0,5.0,1.0,0.83,0.9,55.65,-8.7,10.43,66.9,
2026-08-14,Consumer Staples,56,5.0,9.0,4.0,0.78,-2.4,76.79,26.79,5.36,66.9,
2026-08-14,Materials,57,6.0,3.0,-3.0,0.97,-3.04,66.67,3.51,7.02,66.9,
2026-08-14,Industrials,191,7.0,2.0,-5.0,1.03,-3.2,59.04,-4.4,10.93,66.9,
2026-08-14,Real Estate,61,8.0,4.0,-4.0,0.75,-4.67,44.26,-9.84,1.67,66.9,
2026-08-14,Communication Services,46,9.0,10.0,1.0,1.02,-4.69,72.73,32.73,13.64,66.9,
2026-08-14,Energy,35,10.0,11.0,1.0,1.06,-7.59,88.57,77.14,20.0,66.9,
2026-08-14,Utilities,41,11.0,8.0,-3.0,0.97,-8.31,26.83,-7.32,0.0,66.9,
2026-08-21,Health Care,104,1.0,2.0,1.0,1.03,12.18,77.88,-0.96,33.01,56.62,LEADER
2026-08-21,Financials,155,2.0,5.0,3.0,0.91,3.51,62.34,-5.84,7.19,56.62,LEADER
2026-08-21,Materials,57,3.0,7.0,4.0,1.0,1.36,64.91,7.02,7.02,56.62,LEADER
2026-08-21,Consumer Staples,56,4.0,8.0,4.0,0.8,1.17,75.0,12.5,7.14,56.62,
2026-08-21,Consumer Discretionary,115,5.0,6.0,1.0,0.83,-0.66,53.04,-6.96,1.74,56.62,
2026-08-21,Information Technology,157,6.0,1.0,-5.0,1.34,-0.88,52.87,8.28,0.64,56.62,
2026-08-21,Energy,35,7.0,11.0,4.0,1.1,-1.53,88.57,62.86,40.0,56.62,
2026-08-21,Real Estate,61,8.0,3.0,-5.0,0.76,-4.0,39.34,-40.98,1.67,56.62,
2026-08-21,Communication Services,46,9.0,10.0,1.0,1.02,-4.0,68.18,34.85,4.55,56.62,
2026-08-21,Industrials,191,10.0,4.0,-6.0,1.01,-4.66,43.09,-25.19,6.01,56.62,
2026-08-21,Utilities,41,11.0,9.0,-2.0,0.95,-11.85,17.07,-65.85,2.44,56.62,
2026-08-28,Health Care,104,1.0,2.0,1.0,1.03,11.96,70.19,-20.19,25.24,50.79,LEADER
2026-08-28,Financials,154,2.0,5.0,3.0,0.92,7.13,62.34,-16.88,9.15,50.79,LEADER
2026-08-28,Energy,35,3.0,11.0,8.0,1.1,5.68,91.43,68.57,11.43,50.79,À SURVEILLER
2026-08-28,Consumer Staples,56,4.0,7.0,3.0,0.8,3.0,64.29,1.79,7.14,50.79,
2026-08-28,Materials,57,5.0,8.0,3.0,0.99,-1.18,63.16,10.53,5.26,50.79,
2026-08-28,Information Technology,157,6.0,1.0,-5.0,1.35,-2.51,53.5,5.1,7.64,50.79,
2026-08-28,Communication Services,45,7.0,9.0,2.0,1.03,-2.56,57.78,11.11,15.91,50.79,
2026-08-28,Real Estate,61,8.0,3.0,-5.0,0.75,-2.76,22.95,-50.82,3.33,50.79,
2026-08-28,Consumer Discretionary,115,9.0,6.0,-3.0,0.82,-2.79,43.48,-21.74,6.96,50.79,
2026-08-28,Industrials,191,10.0,4.0,-6.0,0.99,-7.02,32.8,-29.56,2.73,50.79,
2026-08-28,Utilities,41,11.0,10.0,-1.0,0.95,-8.65,14.63,-60.98,2.44,50.79,
2026-09-04,Health Care,104,1.0,2.0,1.0,1.04,11.52,73.08,-15.38,16.5,46.95,LEADER
2026-09-04,Financials,154,2.0,3.0,1.0,0.93,6.99,64.94,-19.48,7.84,46.95,LEADER
2026-09-04,Energy,35,3.0,10.0,7.0,1.13,5.53,91.43,57.14,37.14,46.95,À SURVEILLER
2026-09-04,Consumer Staples,56,4.0,7.0,3.0,0.79,0.54,41.07,-17.86,0.0,46.95,
2026-09-04,Information Technology,157,5.0,1.0,-4.0,1.35,0.49,56.69,8.28,7.01,46.95,
2026-09-04,Materials,57,6.0,11.0,5.0,0.98,0.2,50.88,5.26,1.75,46.95,
2026-09-04,Communication Services,45,7.0,8.0,1.0,1.02,-0.81,48.89,-4.44,4.55,46.95,
2026-09-04,Consumer Discretionary,115,8.0,6.0,-2.0,0.81,-3.23,35.65,-23.48,1.74,46.95,
2026-09-04,Real Estate,61,9.0,4.0,-5.0,0.75,-5.46,18.03,-50.82,0.0,46.95,
2026-09-04,Industrials,191,10.0,5.0,-5.0,0.99,-7.97,25.13,-32.62,1.64,46.95,
2026-09-04,Utilities,41,11.0,9.0,-2.0,0.96,-8.82,14.63,-65.85,2.44,46.95,
2026-09-11,Health Care,104,1.0,2.0,1.0,1.03,11.54,54.81,-25.96,1.94,37.11,LEADER
2026-09-11,Energy,35,2.0,5.0,3.0,1.16,9.55,85.71,25.71,25.71,37.11,LEADER
2026-09-11,Financials,154,3.0,4.0,1.0,0.93,5.61,37.66,-50.65,0.65,37.11,LEADER
2026-09-11,Information Technology,157,4.0,1.0,-3.0,1.38,4.0,59.24,19.75,3.18,37.11,
2026-09-11,Communication Services,45,5.0,10.0,5.0,1.03,1.42,51.11,-2.22,2.27,37.11,
2026-09-11,Consumer Staples,56,6.0,6.0,0.0,0.78,-2.48,30.36,-41.07,1.79,37.11,
2026-09-11,Materials,57,7.0,11.0,4.0,0.97,-3.13,35.09,-14.04,0.0,37.11,
2026-09-11,Real Estate,61,8.0,3.0,-5.0,0.75,-5.32,11.48,-65.57,0.0,37.11,LEADER ESSOUFFLÉ
2026-09-11,Consumer Discretionary,115,9.0,8.0,-1.0,0.8,-6.28,26.96,-33.91,0.87,37.11,
2026-09-11,Utilities,41,10.0,9.0,-1.0,0.97,-6.63,12.2,-58.54,2.44,37.11,
2026-09-11,Industrials,191,11.0,7.0,-4.0,0.99,-7.7,18.85,-35.16,1.09,37.11,
2026-09-18,Energy,35,1.0,5.0,4.0,1.14,14.47,51.43,-34.29,37.14,27.95,LEADER
2026-09-18,Health Care,104,2.0,1.0,-1.0,1.06,14.42,54.81,-22.12,10.68,27.95,LEADER
2026-09-18,Information Technology,158,3.0,4.0,1.0,1.41,5.21,56.05,25.48,7.01,27.95,LEADER
2026-09-18,Financials,154,4.0,3.0,-1.0,0.92,4.73,20.13,-61.69,1.95,27.95,
2026-09-18,Communication Services,45,5.0,11.0,6.0,1.03,2.63,42.22,3.59,4.55,27.95,
2026-09-18,Consumer Staples,56,6.0,7.0,1.0,0.78,0.31,23.21,-44.64,1.79,27.95,
2026-09-18,Real Estate,61,7.0,2.0,-5.0,0.74,-3.95,4.92,-77.05,0.0,27.95,LEADER ESSOUFFLÉ
2026-09-18,Materials,57,8.0,10.0,2.0,0.96,-4.89,24.56,-28.07,0.0,27.95,
2026-09-18,Consumer Discretionary,115,9.0,9.0,0.0,0.79,-8.2,10.43,-43.48,0.87,27.95,
2026-09-18,Utilities,41,10.0,8.0,-2.0,0.96,-8.85,9.76,-75.61,0.0,27.95,
2026-09-18,Industrials,191,11.0,6.0,-5.0,0.99,-9.27,13.09,-48.41,1.09,27.95,
2026-09-25,Information Technology,157,1.0,3.0,2.0,1.44,11.89,61.78,14.65,10.83,26.18,LEADER
2026-09-25,Energy,35,2.0,8.0,6.0,1.11,10.89,25.71,-54.29,0.0,26.18,LEADER
2026-09-25,Health Care,104,3.0,1.0,-2.0,1.07,10.29,53.85,-23.08,15.53,26.18,LEADER
2026-09-25,Communication Services,45,4.0,10.0,6.0,1.02,3.73,28.89,-21.11,4.55,26.18,
2026-09-25,Financials,154,5.0,2.0,-3.0,0.9,2.83,11.69,-69.48,0.65,26.18,
2026-09-25,Materials,57,6.0,9.0,3.0,0.96,-3.04,22.81,-24.56,0.0,26.18,
2026-09-25,Consumer Staples,56,7.0,5.0,-2.0,0.77,-3.7,21.43,-48.21,0.0,26.18,
2026-09-25,Consumer Discretionary,115,8.0,6.0,-2.0,0.79,-7.65,10.43,-46.09,0.87,26.18,
2026-09-25,Real Estate,61,9.0,4.0,-5.0,0.74,-7.76,4.92,-63.93,0.0,26.18,
2026-09-25,Industrials,191,10.0,7.0,-3.0,0.99,-7.98,16.75,-35.12,0.55,26.18,
2026-09-25,Utilities,41,11.0,11.0,0.0,0.93,-13.07,2.44,-19.51,0.0,26.18,
2026-10-02,Information Technology,157,1.0,2.0,1.0,1.49,16.67,68.79,7.64,10.83,25.89,LEADER
2026-10-02,Energy,35,2.0,9.0,7.0,1.12,14.17,28.57,-25.71,0.0,25.89,LEADER
2026-10-02,Health Care,104,3.0,1.0,-2.0,1.06,6.87,40.38,-37.5,12.62,25.89,LEADER
2026-10-02,Financials,154,4.0,3.0,-1.0,0.89,-1.12,7.79,-75.97,0.0,25.89,
2026-10-02,Communication Services,45,5.0,10.0,5.0,1.01,-1.64,20.0,-45.91,4.44,25.89,
2026-10-02,Consumer Staples,56,6.0,5.0,-1.0,0.76,-3.95,8.93,-58.93,0.0,25.89,
2026-10-02,Materials,57,7.0,8.0,1.0,0.93,-4.12,10.53,-52.63,0.0,25.89,
2026-10-02,Industrials,191,8.0,6.0,-2.0,1.0,-6.54,26.18,-37.12,1.64,25.89,
2026-10-02,Consumer Discretionary,115,9.0,4.0,-5.0,0.79,-6.89,14.78,-53.91,0.0,25.89,
2026-10-02,Real Estate,61,10.0,7.0,-3.0,0.72,-8.36,1.64,-49.18,0.0,25.89,
2026-10-02,Utilities,41,11.0,11.0,0.0,0.95,-9.95,7.32,-12.2,0.0,25.89,
2026-10-06,Information Technology,157,1.0,2.0,1.0,1.5,14.7,71.34,2.55,14.65,30.02,LEADER
2026-10-06,Energy,35,2.0,10.0,8.0,1.12,11.24,45.71,-42.86,5.71,30.02,LEADER
2026-10-06,Health Care,104,3.0,1.0,-2.0,1.05,6.68,42.31,-38.46,6.73,30.02,LEADER
2026-10-06,Communication Services,45,4.0,9.0,5.0,1.01,-0.38,28.89,-43.84,2.22,30.02,
2026-10-06,Materials,57,5.0,6.0,1.0,0.94,-1.7,17.54,-49.12,0.0,30.02,
2026-10-06,Financials,154,6.0,3.0,-3.0,0.89,-2.27,11.69,-71.43,1.95,30.02,
2026-10-06,Consumer Staples,56,7.0,5.0,-2.0,0.76,-3.38,17.86,-58.93,0.0,30.02,
2026-10-06,Industrials,191,8.0,7.0,-1.0,0.99,-5.69,26.7,-32.34,2.73,30.02,
2026-10-06,Consumer Discretionary,115,9.0,4.0,-5.0,0.79,-6.59,20.0,-35.65,0.0,30.02,
2026-10-06,Real Estate,61,10.0,8.0,-2.0,0.72,-7.86,3.28,-40.98,0.0,30.02,
2026-10-06,Utilities,41,11.0,11.0,0.0,0.96,-7.94,14.63,-12.2,0.0,30.02,
