ticker,name,sector
NVDA,Nvidia,Information Technology
AAPL,Apple Inc.,Information Technology
GOOGL,Alphabet(Class A),Communication Services
GOOG,Alphabet(Class C),Communication Services
MSFT,Microsoft,Information Technology
AMZN,Amazon,Consumer Discretionary
AVGO,Broadcom,Information Technology
META,Meta Platforms,Communication Services
TSLA,"Tesla, Inc.",Consumer Discretionary
LLY,Lilly (Eli),Health Care
BRK-B,Berkshire Hathaway,Financials
MU,Micron Technology,Information Technology
JPM,JPMorgan Chase,Financials
WMT,Walmart,Consumer Staples
AMD,Advanced Micro Devices,Information Technology
V,Visa Inc.,Financials
XOM,ExxonMobil,Energy
JNJ,Johnson & Johnson,Health Care
MA,Mastercard,Financials
ABBV,AbbVie,Health Care
INTC,Intel,Information Technology
CSCO,Cisco,Information Technology
BAC,Bank of America,Financials
COST,Costco,Consumer Staples
ORCL,Oracle Corporation,Information Technology
PLTR,Palantir Technologies,Information Technology
CVX,Chevron Corporation,Energy
KO,Coca-Cola Company (The),Consumer Staples
LRCX,Lam Research,Information Technology
MRK,Merck & Co.,Health Care
AMAT,Applied Materials,Information Technology
CAT,Caterpillar Inc.,Industrials
GE,GE Aerospace,Industrials
UNH,UnitedHealth Group,Health Care
NFLX,"Netflix, Inc.",Communication Services
MS,Morgan Stanley,Financials
HD,Home Depot (The),Consumer Discretionary
GS,Goldman Sachs,Financials
PM,Philip Morris International,Consumer Staples
DELL,Dell Technologies,Information Technology
RTX,RTX Corporation,Industrials
PANW,Palo Alto Networks,Information Technology
WFC,Wells Fargo,Financials
GEV,GE Vernova,Industrials
AMGN,Amgen,Health Care
ANET,Arista Networks,Information Technology
KLAC,KLA Corporation,Information Technology
TXN,Texas Instruments,Information Technology
TMO,Thermo Fisher Scientific,Health Care
AXP,American Express,Financials
LIN,Linde plc,Materials
C,Citigroup,Financials
IBM,IBM,Information Technology
SNDK,SanDisk,Information Technology
MRVL,Marvell Technology,Information Technology
VZ,Verizon,Communication Services
ABT,Abbott Laboratories,Health Care
APH,Amphenol,Information Technology
SCHW,Charles Schwab Corporation,Financials
PEP,PepsiCo,Consumer Staples
DIS,Walt Disney Company (The),Communication Services
BLK,BlackRock,Financials
MCD,McDonald's,Consumer Discretionary
CRWD,CrowdStrike,Information Technology
UNP,Union Pacific Corporation,Industrials
SCCO,Southern Copper,Materials
GILD,Gilead Sciences,Health Care
ADI,Analog Devices,Information Technology
T,AT&T,Communication Services
NEE,NextEra Energy,Utilities
WELL,Welltower,Real Estate
BX,Blackstone Inc.,Financials
DE,Deere & Company,Industrials
CRM,Salesforce,Information Technology
QCOM,Qualcomm,Information Technology
BA,Boeing,Industrials
BKNG,Booking Holdings,Consumer Discretionary
IBKR,Interactive Brokers,Financials
UBER,Uber,Industrials
PFE,Pfizer,Health Care
WDC,Western Digital,Information Technology
ETN,Eaton Corporation,Industrials
COP,ConocoPhillips,Energy
TJX,TJX Companies,Consumer Discretionary
DHR,Danaher Corporation,Health Care
NEM,Newmont,Materials
VRTX,Vertex Pharmaceuticals,Health Care
PLD,Prologis,Real Estate
BMY,Bristol Myers Squibb,Health Care
COF,Capital One,Financials
CB,Chubb Limited,Financials
NOW,ServiceNow,Information Technology
LMT,Lockheed Martin,Industrials
PGR,Progressive Corporation,Financials
PH,Parker Hannifin,Industrials
SPGI,S&P Global,Financials
SYK,Stryker Corporation,Health Care
GLW,Corning Inc.,Information Technology
SBUX,Starbucks,Consumer Discretionary
LOW,Lowe's,Consumer Discretionary
CVS,CVS Health,Health Care
MDT,Medtronic,Health Care
ABNB,Airbnb,Consumer Discretionary
ACN,Accenture,Information Technology
MO,Altria,Consumer Staples
SPOT,Spotify,Communication Services
FCX,Freeport-McMoRan,Materials
FTNT,Fortinet,Information Technology
CVNA,Carvana,Consumer Discretionary
ADP,Automatic Data Processing,Industrials
BNY,BNY Mellon,Financials
SNOW,Snowflake Inc.,Information Technology
ADBE,Adobe Inc.,Information Technology
EQIX,Equinix,Real Estate
MPC,Marathon Petroleum,Energy
HWM,Howmet Aerospace,Industrials
MCK,McKesson Corporation,Health Care
SO,Southern Company,Utilities
APP,AppLovin,Information Technology
GD,General Dynamics,Industrials
DASH,DoorDash,Consumer Discretionary
TT,Trane Technologies,Industrials
CME,CME Group,Financials
HOOD,Robinhood Markets,Financials
VLO,Valero Energy,Energy
KKR,KKR & Co. Inc.,Financials
VRT,Vertiv,Industrials
NET,Cloudflare,Information Technology
INTU,Intuit,Information Technology
CEG,Constellation Energy,Utilities
PNC,PNC Financial Services,Financials
USB,U.S. Bancorp,Financials
CMCSA,Comcast,Communication Services
PSX,Phillips 66,Energy
CSX,CSX Corporation,Industrials
MNST,Monster Beverage,Consumer Staples
HCA,HCA Healthcare,Health Care
DUK,Duke Energy,Utilities
MAR,Marriott International,Consumer Discretionary
MRSH,Marsh McLennan,Financials
MMM,3M,Industrials
PWR,Quanta Services,Industrials
ICE,Intercontinental Exchange,Financials
CDNS,Cadence Design Systems,Information Technology
WM,"Waste Management, Inc.",Industrials
UPS,United Parcel Service,Industrials
MCO,Moody's Corporation,Financials
WMB,Williams Companies,Energy
EMR,Emerson Electric,Industrials
ELV,Elevance Health,Health Care
REGN,Regeneron Pharmaceuticals,Health Care
JCI,Johnson Controls,Industrials
BAM,Brookfield Asset Management,Financials
SPG,Simon Property Group,Real Estate
AMT,American Tower,Real Estate
CTAS,Cintas,Industrials
MDLZ,Mondelez International,Consumer Staples
DDOG,Datadog,Information Technology
MSI,Motorola Solutions,Information Technology
ECL,Ecolab,Materials
ITW,Illinois Tool Works,Industrials
SLB,Schlumberger,Energy
NSC,Norfolk Southern,Industrials
EOG,EOG Resources,Energy
CMI,Cummins,Industrials
GM,General Motors,Consumer Discretionary
APO,Apollo Global Management,Financials
FDX,FedEx,Industrials
RCL,Royal Caribbean Group,Consumer Discretionary
SNPS,Synopsys,Information Technology
NOC,Northrop Grumman,Industrials
ROST,Ross Stores,Consumer Discretionary
LITE,Lumentum,Information Technology
TRV,Travelers Companies (The),Financials
AON,Aon plc,Financials
HLT,Hilton Worldwide,Consumer Discretionary
TGT,Target Corporation,Consumer Staples
CI,Cigna,Health Care
ORLY,O'Reilly Auto Parts,Consumer Discretionary
CL,Colgate-Palmolive,Consumer Staples
DLR,Digital Realty,Real Estate
WBD,Warner Bros. Discovery,Communication Services
BSX,Boston Scientific,Health Care
NU,Nubank,Financials
HPE,Hewlett Packard Enterprise,Information Technology
KMI,Kinder Morgan,Energy
AJG,Arthur J. Gallagher & Co.,Financials
PCAR,Paccar,Industrials
APD,Air Products,Materials
TDG,TransDigm Group,Industrials
AEP,American Electric Power,Utilities
URI,United Rentals,Industrials
ALL,Allstate,Financials
MPWR,Monolithic Power Systems,Information Technology
CRH,CRH plc,Materials
BE,Bloom Energy,Industrials
MRNA,Moderna,Health Care
TRGP,Targa Resources,Energy
BKR,Baker Hughes,Energy
COR,Cencora,Health Care
GWW,W. W. Grainger,Industrials
TFC,Truist Financial,Financials
AU,AngloGold Ashanti,Materials
MET,Metlife,Financials
PSA,Public Storage,Real Estate
O,Realty Income,Real Estate
NKE,"Nike, Inc.",Consumer Discretionary
OXY,Occidental Petroleum,Energy
D,Dominion Energy,Utilities
AFL,Aflac,Financials
OKE,Oneok,Energy
FAST,Fastenal,Industrials
LNG,Cheniere Energy,Energy
TER,Teradyne,Information Technology
FANG,Diamondback Energy,Energy
NUE,Nucor,Materials
F,Ford Motor Company,Consumer Discretionary
GRMN,Garmin,Consumer Discretionary
AME,Ametek,Industrials
NDAQ,"Nasdaq, Inc.",Financials
COHR,Coherent Corp.,Information Technology
FIX,Comfort Systems USA,Industrials
CTVA,Corteva,Materials
SRE,Sempra,Utilities
CAH,Cardinal Health,Health Care
DAL,Delta Air Lines,Industrials
KEYS,Keysight,Information Technology
CIEN,Ciena,Information Technology
PYPL,PayPal,Financials
ADSK,Autodesk,Information Technology
STT,State Street Corporation,Financials
EW,Edwards Lifesciences,Health Care
DVN,Devon Energy,Energy
BDX,Becton Dickinson,Health Care
HONA,Honeywell Aerospace,Industrials
MSTR,MicroStrategy,Information Technology
AXON,Axon Enterprise,Industrials
WAB,Wabtec,Industrials
COIN,Coinbase,Financials
FITB,Fifth Third Bancorp,Financials
ETR,Entergy,Utilities
AZO,AutoZone,Consumer Discretionary
AMP,Ameriprise Financial,Financials
XYZ,"Block, Inc.",Financials
HEI,HEICO(Common),Industrials
LHX,L3Harris,Industrials
ALAB,Astera Labs,Information Technology
CARR,Carrier Global,Industrials
CRWV,CoreWeave,Information Technology
VTR,"Ventas, Inc.",Real Estate
XEL,Xcel Energy,Utilities
NTRA,Natera,Health Care
ROK,Rockwell Automation,Industrials
CMG,Chipotle Mexican Grill,Consumer Discretionary
MDLN,Medline Inc.,Health Care
EBAY,eBay,Consumer Discretionary
VST,Vistra Corp.,Utilities
HUM,Humana,Health Care
ARES,Ares Management,Financials
EXC,Exelon,Utilities
JBS,JBS N.V.,Consumer Staples
FERG,Ferguson Enterprises,Industrials
PAYX,Paychex,Industrials
CBRE,CBRE Group,Real Estate
TTWO,Take-Two Interactive,Communication Services
A,Agilent Technologies,Health Care
KDP,Keurig Dr Pepper,Consumer Staples
LYV,Live Nation Entertainment,Communication Services
RKLB,Rocket Lab,Industrials
YUM,Yum! Brands,Consumer Discretionary
IQV,IQVIA,Health Care
TEAM,Atlassian,Information Technology
CRDO,Credo Technology Group,Information Technology
DHI,D. R. Horton,Consumer Discretionary
ODFL,Old Dominion Freight Line,Industrials
VIK,Viking Holdings,Consumer Discretionary
MSCI,MSCI,Financials
PRU,Prudential Financial,Financials
WAT,Waters Corporation,Health Care
ROP,Roper Technologies,Industrials
EXPE,Expedia Group,Consumer Discretionary
AIG,American International Group,Financials
RKT,Rocket Companies,Financials
MCHP,Microchip Technology,Information Technology
SYY,Sysco,Consumer Staples
VEEV,Veeva Systems,Health Care
FLEX,Flex Ltd.,Information Technology
PCG,PG&E Corporation,Utilities
ED,Consolidated Edison,Utilities
ADM,Archer Daniels Midland,Consumer Staples
MLM,Martin Marietta Materials,Materials
EL,Estée Lauder Companies (The),Consumer Staples
HSY,Hershey Company (The),Consumer Staples
HIG,Hartford (The),Financials
QSR,Restaurant Brands International,Consumer Discretionary
UAL,United Airlines Holdings,Industrials
KVUE,Kenvue,Consumer Staples
KMB,Kimberly-Clark,Consumer Staples
NTAP,Netapp,Information Technology
TKO,TKO Group Holdings,Communication Services
PEG,Public Service Enterprise Group,Utilities
IRM,Iron Mountain,Real Estate
HEI-A,HEICO(Class A),Industrials
RPRX,Royalty Pharma,Health Care
KR,Kroger,Consumer Staples
VMC,Vulcan Materials,Materials
CCL,Carnival Corporation,Consumer Discretionary
WEC,WEC Energy Group,Utilities
MTB,M&T Bank,Financials
ACGL,Arch Capital Group,Financials
DXCM,Dexcom,Health Care
NTRS,Northern Trust,Financials
HBAN,Huntington Bancshares,Financials
ILMN,"Illumina, Inc.",Health Care
RMD,Resmed,Health Care
UI,Ubiquiti,Information Technology
TWLO,Twilio,Information Technology
P,Everpure,Information Technology
EQT,EQT Corporation,Energy
GEHC,GE HealthCare,Health Care
RJF,Raymond James Financial,Financials
STLD,Steel Dynamics,Materials
EME,Emcor,Industrials
BIIB,Biogen,Health Care
MDB,MongoDB Inc.,Information Technology
CCI,Crown Castle,Real Estate
CNC,Centene,Health Care
WTW,Willis Towers Watson,Financials
ALNY,Alnylam Pharmaceuticals,Health Care
EXR,Extra Space Storage,Real Estate
JBL,Jabil,Information Technology
CBOE,Cboe Global Markets,Financials
CPRT,Copart,Industrials
ZTS,Zoetis,Health Care
SUNB,Sunbelt Rentals,Industrials
RDDT,Reddit,Communication Services
IR,Ingersoll Rand,Industrials
LVS,Las Vegas Sands,Consumer Discretionary
CASY,Casey's,Consumer Staples
KHC,Kraft Heinz,Consumer Staples
ZM,Zoom Communications,Information Technology
CTSH,Cognizant,Information Technology
FTI,TechnipFMC,Energy
AEE,Ameren,Utilities
CPNG,Coupang,Consumer Discretionary
CFG,Citizens Financial Group,Financials
ATI,ATI Inc.,Industrials
FOXA,Fox Corporation(Class A),Communication Services
TDY,Teledyne Technologies,Industrials
VICI,Vici Properties,Real Estate
OWL,Blue Owl Capital,Financials
EIX,Edison International,Utilities
HAL,Halliburton,Energy
LPLA,LPL Financial,Financials
DTE,DTE Energy,Utilities
ATO,Atmos Energy,Utilities
FISV,Fiserv,Financials
MTD,Mettler Toledo,Health Care
ON,ON Semiconductor,Information Technology
RBLX,Roblox Corporation,Communication Services
WSM,"Williams-Sonoma, Inc.",Consumer Discretionary
ZS,Zscaler,Information Technology
INSM,Insmed,Health Care
OTIS,Otis Worldwide,Industrials
AWK,American Water Works,Utilities
LH,Labcorp,Health Care
VMRK,Vivmark Residential,Real Estate
DG,Dollar General,Consumer Staples
CPAY,Corpay,Financials
DOV,Dover Corporation,Industrials
FE,FirstEnergy,Utilities
DGX,Quest Diagnostics,Health Care
ES,Eversource Energy,Utilities
HPQ,HP Inc.,Information Technology
Q,Qnity Electronics,Information Technology
VRSN,Verisign,Information Technology
INCY,Incyte,Health Care
PPL,PPL Corporation,Utilities
ROIV,Roivant Sciences,Health Care
XYL,Xylem Inc.,Industrials
CINF,Cincinnati Financial,Financials
FWONK,Liberty Formula 1(Series C),Communication Services
SYF,Synchrony Financial,Financials
RF,Regions Financial Corporation,Financials
TPR,"Tapestry, Inc.",Consumer Discretionary
TPL,Texas Pacific Land Corporation,Energy
FOX,Fox Corporation(Class B),Communication Services
AFRM,Affirm Holdings,Information Technology
SW,Smurfit Westrock,Materials
SN,SharkNinja,Consumer Discretionary
CNP,Centerpoint Energy,Utilities
DLTR,Dollar Tree,Consumer Staples
WRB,W. R. Berkley Corporation,Financials
OMC,Omnicom Group,Communication Services
DRI,Darden Restaurants,Consumer Discretionary
ECHO,EchoStar,Communication Services
GFS,GlobalFoundries,Information Technology
PPG,PPG Industries,Materials
VRSK,Verisk Analytics,Industrials
GPN,Global Payments,Financials
FICO,Fair Isaac,Information Technology
JBHT,J. B. Hunt,Industrials
WST,West Pharmaceutical Services,Health Care
NVT,nVent Electric,Industrials
SMCI,Supermicro,Information Technology
HUBB,Hubbell Incorporated,Industrials
BRO,Brown & Brown,Financials
FCNCA,First Citizens BancShares,Financials
RIVN,Rivian,Consumer Discretionary
EXPD,Expeditors International,Industrials
SOFI,SoFi,Financials
CHD,Church & Dwight,Consumer Staples
ASTS,AST SpaceMobile,Communication Services
NRG,NRG Energy,Utilities
FWONA,Liberty Formula 1(Series A),Communication Services
VLTO,Veralto,Industrials
TROW,T. Rowe Price,Financials
CRS,Carpenter Technology Corporation,Materials
PFG,Principal Financial Group,Financials
TW,Tradeweb,Financials
ROKU,"Roku, Inc.",Communication Services
USFD,US Foods,Consumer Staples
VNOM,Viper Energy,Energy
KEY,Keycorp,Financials
STZ,Constellation Brands,Consumer Staples
STE,Steris,Health Care
OKTA,"Okta, Inc.",Information Technology
IOT,Samsara,Information Technology
EXE,Expand Energy,Energy
CW,Curtiss-Wright,Industrials
ULTA,Ulta Beauty,Consumer Discretionary
EFX,Equifax,Industrials
L,Loews Corporation,Financials
MKL,Markel,Financials
RGLD,Royal Gold,Materials
UTHR,United Therapeutics,Health Care
FSLR,First Solar,Information Technology
DOW,Dow Inc.,Materials
GH,Guardant Health,Health Care
PKG,Packaging Corporation of America,Materials
IFF,International Flavors & Fragrances,Materials
THC,Tenet Healthcare,Health Care
CDE,Coeur Mining,Materials
AMCR,Amcor,Materials
RL,Ralph Lauren Corporation,Consumer Discretionary
FFIV,"F5, Inc.",Information Technology
BR,Broadridge Financial Solutions,Industrials
BG,Bunge Global,Consumer Staples
ENTG,Entegris,Information Technology
GIS,General Mills,Consumer Staples
CMS,CMS Energy,Utilities
TOST,"Toast, Inc.",Information Technology
LEN,Lennar(Class A),Consumer Discretionary
CHTR,Charter Communications,Communication Services
FIS,Fidelity National Information Services,Financials
LEN-B,Lennar(Class B),Consumer Discretionary
FTAI,FTAI Aviation,Industrials
TPG,TPG Inc.,Financials
LYB,LyondellBasell,Materials
SNA,Snap-on,Industrials
MTSI,MACOM Technology Solutions,Information Technology
ESS,Essex Property Trust,Real Estate
TSN,Tyson Foods,Consumer Staples
SNX,TD Synnex,Information Technology
U,Unity Technologies,Information Technology
MTZ,MasTec,Industrials
BURL,Burlington Stores,Consumer Discretionary
LUV,Southwest Airlines,Industrials
SBAC,SBA Communications,Real Estate
RS,"Reliance, Inc.",Materials
NI,NiSource,Utilities
SSNC,SS&C Technologies,Information Technology
PR,Permian Resources,Energy
FDXF,FedEx Freight,Industrials
CF,CF Industries,Materials
VTRS,Viatris,Health Care
ZBH,Zimmer Biomet,Health Care
RBRK,Rubrik,Information Technology
GPC,Genuine Parts Company,Consumer Discretionary
NWS,News Corp(Class B),Communication Services
EVRG,Evergy,Utilities
TSCO,Tractor Supply Company,Consumer Discretionary
NDSN,Nordson,Industrials
CNH,CNH Industrial,Industrials
ITT,ITT Inc.,Industrials
DD,DuPont,Materials
MKSI,MKS Instruments,Information Technology
AS,Amer Sports,Consumer Discretionary
FTV,Fortive,Industrials
BBY,Best Buy,Consumer Discretionary
NTNX,Nutanix,Information Technology
OVV,Ovintiv,Energy
INVH,Invitation Homes,Real Estate
SITM,SiTime,Information Technology
JLL,Jones Lang LaSalle,Real Estate
J,Jacobs Solutions,Industrials
BEN,Franklin Templeton Investments,Financials
JHX,James Hardie Industries,Materials
LNT,Alliant Energy,Utilities
EWBC,East West Bancorp,Financials
FLUT,Flutter Entertainment,Consumer Discretionary
ONTO,Onto Innovation,Information Technology
APG,APi Group,Industrials
WY,Weyerhaeuser,Real Estate
CDW,CDW,Information Technology
NLY,Annaly Capital Management,Financials
ROL,"Rollins, Inc.",Industrials
CG,Carlyle Group (The),Financials
ZBRA,Zebra Technologies,Information Technology
GEN,Gen Digital,Information Technology
RYAN,Ryan Specialty,Financials
MEDP,Medpace,Health Care
LDOS,Leidos,Industrials
JAZZ,Jazz Pharmaceuticals,Health Care
BALL,Ball Corporation,Materials
NVR,"NVR, Inc.",Consumer Discretionary
IEX,IDEX Corporation,Industrials
IONQ,IonQ,Information Technology
H,Hyatt Hotels,Consumer Discretionary
CHRW,C.H. Robinson,Industrials
NWSA,News Corp(Class A),Communication Services
WCC,Wesco International,Industrials
ASND,Ascendis Pharma,Health Care
CLH,Clean Harbors,Industrials
PFGC,Performance Food Group,Consumer Staples
PTC,PTC Inc.,Information Technology
LSCC,Lattice Semiconductor,Information Technology
TRU,TransUnion,Industrials
WPC,W. P. Carey,Real Estate
KIM,Kimco Realty,Real Estate
HST,Host Hotels & Resorts,Real Estate
SUI,Sun Communities,Real Estate
TIGO,Millicom,Communication Services
RGA,Reinsurance Group of America,Financials
MAA,Mid-America Apartment Communities,Real Estate
RBA,RB Global,Industrials
ALB,Albemarle Corporation,Materials
BBIO,BridgeBio Pharma,Health Care
GWRE,Guidewire Software,Information Technology
ARMK,Aramark,Consumer Discretionary
NBIX,Neurocrine Biosciences,Health Care
SOLV,Solventum,Health Care
LAMR,Lamar Advertising,Real Estate
DOC,Healthpeak Properties,Real Estate
FN,Fabrinet,Information Technology
PNFP,Pinnacle Financial Partners,Financials
LECO,Lincoln Electric,Industrials
IREN,IREN,Information Technology
AKAM,Akamai Technologies,Information Technology
BMNR,Bitmine Immersion Technologies,Information Technology
ULS,UL Solutions,Industrials
STRL,Sterling Infrastructure,Industrials
GFL,GFL Environmental,Industrials
TLN,Talen Energy,Utilities
SWK,Stanley Black & Decker,Industrials
OHI,Omega Healthcare Investors,Real Estate
DT,Dynatrace,Information Technology
MKC,McCormick & Company,Consumer Staples
APA,APA Corporation,Energy
IVZ,Invesco,Financials
FIG,Figma,Information Technology
EG,Everest Group,Financials
COO,Cooper Companies (The),Health Care
GLXY,Galaxy Digital,Financials
PAG,Penske Automotive Group,Consumer Discretionary
MAS,Masco,Industrials
CSL,Carlisle Companies,Industrials
TXT,Textron,Industrials
QXO,"QXO, Inc.",Industrials
REG,Regency Centers,Real Estate
TYL,Tyler Technologies,Information Technology
CRL,Charles River Laboratories,Health Care
FIVE,Five Below,Consumer Discretionary
UDR,"UDR, Inc.",Real Estate
AMH,American Homes 4 Rent,Real Estate
CRBG,Corebridge Financial,Financials
UNM,Unum,Financials
AIZ,Assurant,Financials
EXEL,Exelixis,Health Care
RVTY,Revvity,Health Care
TRMB,Trimble Inc.,Information Technology
HL,Hecla Mining,Materials
AVY,Avery Dennison,Materials
TOL,Toll Brothers,Consumer Discretionary
MLI,Mueller Industries,Industrials
BWXT,BWX Technologies,Industrials
UHAL,U-Haul,Industrials
W,Wayfair,Consumer Discretionary
HAS,Hasbro,Consumer Discretionary
ALLE,Allegion,Industrials
BAX,Baxter International,Health Care
RNR,RenaissanceRe,Financials
RPM,RPM International,Materials
CACI,CACI,Industrials
SGI,Somnigroup International,Consumer Discretionary
LULU,Lululemon Athletica,Consumer Discretionary
LII,Lennox International,Industrials
AA,Alcoa,Materials
TXRH,Texas Roadhouse,Consumer Discretionary
EQH,Equitable Holdings,Financials
CNA,CNA Financial,Financials
SEIC,SEI Investments Company,Financials
CSGP,CoStar Group,Real Estate
CORT,Corcept Therapeutics,Health Care
BWA,BorgWarner,Consumer Discretionary
SJM,J.M. Smucker Company (The),Consumer Staples
GL,Globe Life,Financials
BF-A,Brown–Forman(Class A),Consumer Staples
NXT,Nextpower,Industrials
PINS,Pinterest,Communication Services
ELS,Equity Lifestyle Properties,Real Estate
CCK,Crown Holdings,Materials
HRL,Hormel Foods,Consumer Staples
DOCN,DigitalOcean,Information Technology
COKE,Coca-Cola Consolidated,Consumer Staples
GLPI,Gaming and Leisure Properties,Real Estate
AGNC,AGNC Investment,Financials
DTM,DT Midstream,Energy
ALLY,Ally Financial,Financials
BXP,"BXP, Inc.",Real Estate
DKNG,DraftKings,Consumer Discretionary
BF-B,Brown–Forman(Class B),Consumer Staples
GGG,Graco Inc.,Industrials
PEN,"Penumbra, Inc.",Health Care
BMRN,BioMarin Pharmaceutical,Health Care
IT,Gartner,Information Technology
CLX,Clorox,Consumer Staples
TEM,Tempus AI,Health Care
FNF,Fidelity National Financial,Financials
GDDY,GoDaddy,Information Technology
ELAN,Elanco,Health Care
WBS,Webster Bank,Financials
IESC,IES Holdings,Industrials
ARWR,Arrowhead Pharmaceuticals,Health Care
CHYM,Chime Financial,Financials
WTS,Watts Water Technologies,Industrials
AHR,American Healthcare REIT,Real Estate
AIT,Applied Industrial Technologies,Industrials
HALO,Halozyme,Health Care
MANH,Manhattan Associates,Information Technology
WSO,Watsco,Industrials
BJ,BJ's Wholesale Club,Consumer Staples
JKHY,Jack Henry & Associates,Financials
DECK,Deckers Brands,Consumer Discretionary
SF,Stifel,Financials
AMKR,Amkor Technology,Information Technology
UHAL-B,U-Haul(Series N),Industrials
CART,Maplebear Inc.,Consumer Staples
CR,Crane Co.,Industrials
GNRC,Generac,Industrials
MDGL,Madrigal Pharmaceuticals,Health Care
AFG,American Financial Group,Financials
AUR,Aurora Innovation,Information Technology
PNW,Pinnacle West Capital,Utilities
HUBS,HubSpot,Information Technology
EHC,Encompass Health,Health Care
TTMI,TTM Technologies,Information Technology
SMTC,Semtech,Information Technology
DOCU,DocuSign,Information Technology
AR,Antero Resources,Energy
FHN,First Horizon Corporation,Financials
OC,Owens Corning,Industrials
DPZ,Domino's,Consumer Discretionary
WTRG,Essential Utilities,Utilities
HII,Huntington Ingalls Industries,Industrials
SCI,Service Corporation International,Consumer Discretionary
DKS,Dick's Sporting Goods,Consumer Discretionary
ALGN,Align Technology,Health Care
DVA,DaVita,Health Care
GMED,Globus Medical,Health Care
TECH,Bio-Techne,Health Care
KNX,Knight-Swift,Industrials
EVR,Evercore,Financials
BSY,Bentley Systems,Information Technology
NYT,New York Times Company,Communication Services
AEIS,Advanced Energy,Information Technology
CPT,Camden Property Trust,Real Estate
MGM,MGM Resorts International,Consumer Discretionary
RRX,Regal Rexnord,Industrials
EGP,EastGroup Properties,Real Estate
DY,Dycom Industries,Industrials
ALSN,Allison Transmission,Industrials
BPOP,"Popular, Inc.",Financials
DCI,Donaldson Company,Industrials
FDS,FactSet,Financials
WMS,Advanced Drainage Systems,Industrials
AXSM,Axsome Therapeutics,Health Care
SMMT,Summit Therapeutics,Health Care
FRHC,Freedom Holding,Financials
JEF,Jefferies Financial Group,Financials
GSAT,Globalstar,Information Technology
MP,MP Materials,Materials
IONS,Ionis Pharmaceuticals,Health Care
AES,AES Corporation,Utilities
AM,Antero Midstream,Energy
ENSG,Ensign Group,Health Care
PAYC,Paycom,Information Technology
UHS,Universal Health Services,Health Care
BIO,Bio-Rad Laboratories,Health Care
MOH,Molina Healthcare,Health Care
FLS,Flowserve,Industrials
DRS,Leonardo DRS,Industrials
RGEN,Repligen,Health Care
LFUS,Littelfuse,Information Technology
SSB,SouthState Corporation,Financials
LINE,"Lineage, Inc.",Real Estate
ARW,Arrow Electronics,Information Technology
FRT,Federal Realty Investment Trust,Real Estate
HSIC,Schein (Henry),Health Care
WTFC,Wintrust Financial,Financials
AYI,Acuity Brands,Industrials
SPXC,SPX Technologies,Industrials
SANM,Sanmina Corporation,Information Technology
ORI,Old Republic International,Financials
WYNN,Wynn Resorts,Consumer Discretionary
SAIL,SailPoint,Information Technology
PNR,Pentair,Industrials
CFR,Frost Bank,Financials
CGNX,Cognex Corporation,Information Technology
DDS,Dillard's,Consumer Discretionary
MOD,Modine Manufacturing,Industrials
MUSA,Murphy USA,Consumer Discretionary
CHWY,Chewy,Consumer Discretionary
KTOS,Kratos Defense & Security Solutions,Industrials
PODD,Insulet,Health Care
DAR,Darling Ingredients,Consumer Staples
FPS,Forgent Power Solutions,Industrials
ZION,Zions Bancorporation,Financials
APTV,Aptiv,Consumer Discretionary
LLYVK,Liberty Live(Series C),Communication Services
SWKS,Skyworks Solutions,Information Technology
JAN,Janus Living,Real Estate
SIRI,SiriusXM,Communication Services
MSGS,Madison Square Garden Sports,Communication Services
AVTR,Avantor,Health Care
ONON,On Holding AG,Consumer Discretionary
OSK,Oshkosh Corporation,Industrials
RMBS,Rambus,Information Technology
MTCH,Match Group,Communication Services
WLK,Westlake Corporation,Materials
RRC,Range Resources,Energy
AAOI,Applied Optoelectronics,Information Technology
OGE,OGE Energy,Utilities
LLYVA,Liberty Live(Series A),Communication Services
TTC,Toro Company (The),Industrials
R,Ryder,Industrials
TTEK,Tetra Tech,Industrials
AMG,Affiliated Managers Group,Financials
ADC,Agree Realty,Real Estate
VIAV,Viavi Solutions,Information Technology
SAIA,Saia,Industrials
CUBE,CubeSmart,Real Estate
PCOR,Procore,Information Technology
VMI,Valmont Industries,Industrials
ARE,Alexandria Real Estate Equities,Real Estate
PRI,Primerica,Financials
AAL,American Airlines Group,Industrials
KMX,CarMax,Consumer Discretionary
MHK,Mohawk Industries,Consumer Discretionary
BRX,Brixmor Property Group,Real Estate
FIGR,Figure Technology Solutions,Financials
BROS,Dutch Bros Inc.,Consumer Discretionary
VOYA,Voya Financial,Financials
HLI,Houlihan Lokey,Financials
BAH,Booz Allen Hamilton,Industrials
VICR,Vicor Corporation,Industrials
CELH,Celsius Holdings,Consumer Staples
KNSL,Kinsale Capital Group,Financials
QGEN,Qiagen,Health Care
SOLS,Solstice Advanced Materials,Materials
BRKR,Bruker,Health Care
NNN,NNN Reit,Real Estate
PB,Prosperity Bancshares,Financials
SFD,Smithfield Foods,Consumer Staples
FR,First Industrial Realty Trust,Real Estate
WAL,Western Alliance Bancorporation,Financials
REXR,Rexford Industrial,Real Estate
COLB,Columbia Banking System,Financials
ESI,Element Solutions,Materials
NEU,NewMarket,Materials
CNM,Core & Main,Industrials
ATR,AptarGroup,Materials
PATH,UiPath,Information Technology
TKR,Timken Company,Industrials
ESTC,Elastic NV,Information Technology
BOKF,BOK Financial Corporation,Financials
ZG,Zillow(Class A),Real Estate
AOS,A. O. Smith,Industrials
FORM,"FormFactor, Inc.",Information Technology
PRMB,Primo Brands,Consumer Staples
CBSH,Commerce Bancshares,Financials
QRVO,Qorvo,Information Technology
LEA,Lear Corporation,Consumer Discretionary
UGI,UGI Corporation,Utilities
Z,Zillow(Class C),Real Estate
OKLO,Oklo Inc.,Utilities
CAVA,Cava Group,Consumer Discretionary
SARO,StandardAero,Industrials
EMN,Eastman Chemical Company,Materials
LAD,Lithia Motors,Consumer Discretionary
WULF,TeraWulf,Information Technology
LNC,Lincoln Financial,Financials
ACM,AECOM,Industrials
GME,GameStop,Consumer Discretionary
MORN,"Morningstar, Inc.",Financials
VNO,Vornado Realty Trust,Real Estate
PCTY,Paylocity,Information Technology
CWEN,Clearway Energy (Class C),Utilities
APLD,Applied Digital,Information Technology
IDA,Idacorp,Utilities
THG,Hanover Insurance,Financials
SFM,Sprouts Farmers Market,Consumer Staples
NCLH,Norwegian Cruise Line Holdings,Consumer Discretionary
APPF,AppFolio,Information Technology
TAP,Molson Coors,Consumer Staples
NFG,National Fuel Gas,Utilities
ETSY,Etsy,Consumer Discretionary
CAI,Caris Life Sciences,Health Care
CHRD,Chord Energy,Energy
AXTA,Axalta,Materials
CAG,Conagra Brands,Consumer Staples
AGCO,AGCO,Industrials
PL,Planet Labs,Industrials
MOS,Mosaic Company (The),Materials
SSD,Simpson Manufacturing Company,Industrials
AWI,Armstrong World Industries,Industrials
AVAV,AeroVironment,Industrials
DBX,Dropbox,Information Technology
LW,Lamb Weston,Consumer Staples
BLDR,Builders FirstSource,Industrials
AUGO,Aura Minerals,Materials
FAF,First American Financial Corporation,Financials
AXS,AXIS Capital,Financials
KEX,Kirby Corporation,Industrials
STAG,STAG Industrial,Real Estate
GAP,Gap Inc.,Consumer Discretionary
OMF,OneMain Financial,Financials
MSA,MSA Safety,Industrials
AVT,Avnet,Information Technology
HXL,Hexcel,Industrials
CHE,Chemed Corporation,Health Care
NOV,NOV Inc.,Energy
CPB,Campbell Soup Company,Consumer Staples
POWL,Powell Industries,Industrials
GTLB,GitLab,Information Technology
MTDR,Matador Resources,Energy
S,SentinelOne,Information Technology
LOAR,Loar Holdings,Industrials
RAL,Ralliant,Information Technology
ALGM,Allegro MicroSystems,Information Technology
WEX,WEX Inc.,Financials
HR,Healthcare Realty Trust,Real Estate
POOL,Pool Corporation,Consumer Discretionary
DUOL,Duolingo,Consumer Discretionary
KRMN,Karman Holdings,Industrials
LYFT,Lyft,Industrials
INGM,Ingram Micro,Information Technology
MSM,MSC Industrial Direct,Industrials
INGR,Ingredion,Consumer Staples
GTES,Gates Corporation,Industrials
FNB,FNB Corporation,Financials
HRB,H&R Block,Consumer Discretionary
CLF,Cleveland-Cliffs,Materials
LKQ,LKQ Corporation,Consumer Discretionary
DOX,Amdocs,Information Technology
AN,AutoNation,Consumer Discretionary
MTG,MGIC Investment Corporation,Financials
CACC,Credit Acceptance,Financials
RYN,Rayonier,Real Estate
WFRD,Weatherford International,Energy
CHDN,Churchill Downs Incorporated,Consumer Discretionary
G,Genpact,Industrials
AAON,AAON,Industrials
BEPC,Brookfield Renewable Partners,Utilities
ELF,e.l.f. Beauty,Consumer Staples
TTD,Trade Desk (The),Communication Services
DLB,Dolby Laboratories,Information Technology
ECG,Everus Construction Group,Industrials
STWD,Starwood Property Trust,Financials
EXP,Eagle Materials,Materials
ACI,Albertsons,Consumer Staples
LSTR,Landstar,Industrials
ST,Sensata Technologies,Industrials
SNDR,Schneider National,Industrials
CZR,Caesars Entertainment,Consumer Discretionary
M,"Macy's, Inc.",Consumer Discretionary
RLI,RLI Corp.,Financials
MBGL,Mobility Global,Industrials
CROX,Crocs,Consumer Discretionary
BIRK,Birkenstock,Consumer Discretionary
BYD,Boyd Gaming,Consumer Discretionary
TFX,Teleflex,Health Care
HLNE,Hamilton Lane,Financials
FND,Floor & Decor,Consumer Discretionary
NXST,Nexstar Media Group,Communication Services
EPAM,EPAM Systems,Information Technology
EXLS,EXL Service,Industrials
MKTX,MarketAxess,Financials
MWH,SOLV Energy,Industrials
SON,Sonoco,Materials
RITM,Rithm Capital,Financials
VIRT,Virtu Financial,Financials
XE,X-energy,Industrials
NIQ,NIQ Global Intelligence,Communication Services
PEGA,Pegasystems,Information Technology
CRUS,Cirrus Logic,Information Technology
WH,Wyndham Hotels & Resorts,Consumer Discretionary
SHC,Sotera Health,Health Care
ADT,ADT Inc.,Consumer Discretionary
VSNT,Versant,Communication Services
RNG,RingCentral,Information Technology
VFC,VF Corporation,Consumer Discretionary
FBIN,Fortune Brands Innovations,Industrials
GXO,GXO Logistics,Industrials
SAIC,SAIC,Industrials
OZK,Bank OZK,Financials
ALM,Almonty Industries,Materials
MTN,Vail Resorts,Consumer Discretionary
BC,Brunswick Corporation,Consumer Discretionary
LBRDA,Liberty Broadband (Series A),Communication Services
LBRDK,Liberty Broadband (Series C),Communication Services
REYN,Reynolds Consumer Products,Consumer Staples
CAR,Avis Budget Group,Industrials
PSN,Parsons Corporation,Industrials
MIDD,Middleby,Industrials
WTM,White Mountains Insurance Group,Financials
MRP,Millrose Properties,Consumer Discretionary
GNTX,Gentex,Consumer Discretionary
KVYO,Klaviyo,Information Technology
LPX,Louisiana-Pacific,Materials
IRDM,Iridium Communications,Communication Services
TFSL,Third Federal S&L,Financials
SLM,Sallie Mae,Financials
CUZ,Cousins Properties,Real Estate
ESAB,ESAB,Industrials
AMTM,Amentum,Industrials
ENPH,Enphase Energy,Information Technology
CHH,Choice Hotels,Consumer Discretionary
CE,Celanese,Materials
TREX,"Trex Company, Inc.",Industrials
BLSH,Bullish,Financials
KBR,"KBR, Inc.",Industrials
ALK,Alaska Air Group,Industrials
BILL,Bill.com,Information Technology
EPR,EPR Properties,Real Estate
RHI,Robert Half,Industrials
OLLI,Ollie's Bargain Outlet,Consumer Discretionary
TNL,Travel + Leisure Co.,Consumer Discretionary
VNT,Vontier,Information Technology
SLGN,Silgan Holdings,Materials
DOCS,Doximity,Health Care
CCC,CCC Intelligent Solutions,Information Technology
NVST,Envista,Health Care
COLD,Americold,Real Estate
KRC,Kilroy Realty,Real Estate
MAT,Mattel,Consumer Discretionary
LAZ,Lazard,Financials
UWMC,United Wholesale Mortgage,Financials
SITE,SiteOne Landscape Supply,Industrials
FCN,FTI Consulting,Industrials
MDU,MDU Resources,Utilities
VVV,Valvoline,Materials
THO,Thor Industries,Consumer Discretionary
PRIM,Primoris Services Corporation,Industrials
VKTX,Viking Therapeutics,Health Care
SEB,Seaboard Corporation,Consumer Staples
HHH,Howard Hughes Holdings,Real Estate
OLED,Universal Display Corporation,Information Technology
WSC,WillScot Mobile Mini,Industrials
PLNT,Planet Fitness,Consumer Discretionary
FOUR,Shift4,Information Technology
LOPE,Grand Canyon Education,Consumer Discretionary
FRMI,Fermi Inc.,Real Estate
POST,Post Holdings,Consumer Staples
LBTYA,Liberty Global(Series A),Communication Services
BBWI,"Bath & Body Works, Inc.",Consumer Discretionary
FRPT,Freshpet,Consumer Staples
OGN,Organon & Co.,Health Care
QS,QuantumScape,Consumer Discretionary
BFAM,Bright Horizons,Consumer Discretionary
SMG,Scotts Miracle-Gro Company,Materials
LBTYK,Liberty Global(Series C),Communication Services
PVH,PVH Corp.,Consumer Discretionary
GPK,Graphic Packaging,Materials
AGO,Assured Guaranty,Financials
YETI,Yeti Holdings,Consumer Discretionary
FHB,"First Hawaiian, Inc.",Financials
WING,Wingstop,Consumer Discretionary
HAYW,Hayward Holdings,Industrials
COLM,Columbia Sportswear,Consumer Discretionary
IPGP,IPG Photonics,Information Technology
BHF,Brighthouse Financial,Financials
PPLI,People Inc.,Communication Services
KD,Kyndryl,Information Technology
EEFT,Euronet Worldwide,Financials
WHR,Whirlpool Corporation,Consumer Discretionary
MPT,Medical Properties Trust,Real Estate
MFP,Midera Food Processing,Industrials
WU,Western Union,Information Technology
OLN,Olin Corporation,Materials
GTM,ZoomInfo,Communication Services
